playerID,award,year,lgID,note,pos
malonjo01,Art Ross,1917,NHL,,
cleghod01,Art Ross,1918,NHL,,
malonjo01,Art Ross,1919,NHL,,
lalonne01,Art Ross,1920,NHL,,
broadpu01,Art Ross,1921,NHL,,
dyeba01,Art Ross,1922,NHL,,
dennecy01,Art Ross,1923,NHL,,
nighbfr01,Hart,1923,NHL,,
dyeba01,Art Ross,1924,NHL,,
burchbi01,Hart,1924,NHL,,
nighbfr01,Lady Byng,1924,NHL,,
stewane01,Art Ross,1925,NHL,,
stewane01,Hart,1925,NHL,,
nighbfr01,Lady Byng,1925,NHL,,
cookbi01,Art Ross,1926,NHL,,
gardihe01,Hart,1926,NHL,,
burchbi01,Lady Byng,1926,NHL,,
hainsge01,Vezina,1926,NHL,,
morenho01,Art Ross,1927,NHL,,
morenho01,Hart,1927,NHL,,
bouchfr01,Lady Byng,1927,NHL,,
hainsge01,Vezina,1927,NHL,,
baileac01,Art Ross,1928,NHL,,
wortero01,Hart,1928,NHL,,
bouchfr01,Lady Byng,1928,NHL,,
hainsge01,Vezina,1928,NHL,,
weilaco01,Art Ross,1929,NHL,,
stewane01,Hart,1929,NHL,,
bouchfr01,Lady Byng,1929,NHL,,
thompti01,Vezina,1929,NHL,,
morenho01,Art Ross,1930,NHL,,
clancki01,First Team All-Star,1930,NHL,,D
cookbi01,First Team All-Star,1930,NHL,,RW
gardich01,First Team All-Star,1930,NHL,,G
joliaau01,First Team All-Star,1930,NHL,,LW
morenho01,First Team All-Star,1930,NHL,,C
shoreed01,First Team All-Star,1930,NHL,,D
morenho01,Hart,1930,NHL,,
bouchfr01,Lady Byng,1930,NHL,,
bouchfr01,Second Team All-Star,1930,NHL,,C
clappdi01,Second Team All-Star,1930,NHL,,RW
cookbu01,Second Team All-Star,1930,NHL,,LW
johnsch01,Second Team All-Star,1930,NHL,,D
manthsy01,Second Team All-Star,1930,NHL,,D
thompti01,Second Team All-Star,1930,NHL,,G
wortero01,Vezina,1930,NHL,,
jacksbu01,Art Ross,1931,NHL,,
cookbi01,First Team All-Star,1931,NHL,,RW
gardich01,First Team All-Star,1931,NHL,,G
jacksbu01,First Team All-Star,1931,NHL,,LW
johnsch01,First Team All-Star,1931,NHL,,D
morenho01,First Team All-Star,1931,NHL,,C
shoreed01,First Team All-Star,1931,NHL,,D
morenho01,Hart,1931,NHL,,
primejo01,Lady Byng,1931,NHL,,
clancki01,Second Team All-Star,1931,NHL,,D
conacch01,Second Team All-Star,1931,NHL,,RW
joliaau01,Second Team All-Star,1931,NHL,,LW
manthsy01,Second Team All-Star,1931,NHL,,D
smithho01,Second Team All-Star,1931,NHL,,C
wortero01,Second Team All-Star,1931,NHL,,G
gardich01,Vezina,1931,NHL,,
cookbi01,Art Ross,1932,NHL,,
vossca01,Calder,1932,NHL,,
bouchfr01,First Team All-Star,1932,NHL,,C
cookbi01,First Team All-Star,1932,NHL,,RW
johnsch01,First Team All-Star,1932,NHL,,D
northba01,First Team All-Star,1932,NHL,,LW
roachjo01,First Team All-Star,1932,NHL,,G
shoreed01,First Team All-Star,1932,NHL,,D
shoreed01,Hart,1932,NHL,,
bouchfr01,Lady Byng,1932,NHL,,
clancki01,Second Team All-Star,1932,NHL,,D
conacch01,Second Team All-Star,1932,NHL,,RW
conacli01,Second Team All-Star,1932,NHL,,D
gardich01,Second Team All-Star,1932,NHL,,G
jacksbu01,Second Team All-Star,1932,NHL,,LW
morenho01,Second Team All-Star,1932,NHL,,C
thompti01,Vezina,1932,NHL,,
conacch01,Art Ross,1933,NHL,,
blincru01,Calder,1933,NHL,,
bouchfr01,First Team All-Star,1933,NHL,,C
clancki01,First Team All-Star,1933,NHL,,D
conacch01,First Team All-Star,1933,NHL,,RW
conacli01,First Team All-Star,1933,NHL,,D
gardich01,First Team All-Star,1933,NHL,,G
jacksbu01,First Team All-Star,1933,NHL,,LW
joliaau01,Hart,1933,NHL,,
bouchfr01,Lady Byng,1933,NHL,,
cookbi01,Second Team All-Star,1933,NHL,,RW
johnsch01,Second Team All-Star,1933,NHL,,D
joliaau01,Second Team All-Star,1933,NHL,,LW
primejo01,Second Team All-Star,1933,NHL,,C
shoreed01,Second Team All-Star,1933,NHL,,D
wortero01,Second Team All-Star,1933,NHL,,G
gardich01,Vezina,1933,NHL,,
conacch01,Art Ross,1934,NHL,,
schrisw01,Calder,1934,NHL,,
bouchfr01,First Team All-Star,1934,NHL,,C
chabolo01,First Team All-Star,1934,NHL,,G
conacch01,First Team All-Star,1934,NHL,,RW
jacksbu01,First Team All-Star,1934,NHL,,LW
seibeea01,First Team All-Star,1934,NHL,,D
shoreed01,First Team All-Star,1934,NHL,,D
shoreed01,Hart,1934,NHL,,
bouchfr01,Lady Byng,1934,NHL,,
clappdi01,Second Team All-Star,1934,NHL,,RW
coultar01,Second Team All-Star,1934,NHL,,D
joliaau01,Second Team All-Star,1934,NHL,,LW
thompti01,Second Team All-Star,1934,NHL,,G
weilaco01,Second Team All-Star,1934,NHL,,C
wentwcy01,Second Team All-Star,1934,NHL,,D
chabolo01,Vezina,1934,NHL,,
schrisw01,Art Ross,1935,NHL,,
karakmi01,Calder,1935,NHL,,
conacch01,First Team All-Star,1935,NHL,,RW
schrisw01,First Team All-Star,1935,NHL,,LW
shoreed01,First Team All-Star,1935,NHL,,D
siebeba01,First Team All-Star,1935,NHL,,D
smithho01,First Team All-Star,1935,NHL,,C
thompti01,First Team All-Star,1935,NHL,,G
shoreed01,Hart,1935,NHL,,
romnedo01,Lady Byng,1935,NHL,,
cudewi01,Second Team All-Star,1935,NHL,,G
dilloce01,Second Team All-Star,1935,NHL,,RW
goodfeb01,Second Team All-Star,1935,NHL,,D
seibeea01,Second Team All-Star,1935,NHL,,D
thomppa01,Second Team All-Star,1935,NHL,,LW
thomsbi02,Second Team All-Star,1935,NHL,,C
thompti01,Vezina,1935,NHL,,
schrisw01,Art Ross,1936,NHL,,
appssy01,Calder,1936,NHL,,
auriela01,First Team All-Star,1936,NHL,,RW
barryma01,First Team All-Star,1936,NHL,,C
goodfeb01,First Team All-Star,1936,NHL,,D
jacksbu01,First Team All-Star,1936,NHL,,LW
siebeba01,First Team All-Star,1936,NHL,,D
smithno01,First Team All-Star,1936,NHL,,G
siebeba01,Hart,1936,NHL,,
barryma01,Lady Byng,1936,NHL,,
chapmar01,Second Team All-Star,1936,NHL,,C
conacli01,Second Team All-Star,1936,NHL,,D
cudewi01,Second Team All-Star,1936,NHL,,G
dilloce01,Second Team All-Star,1936,NHL,,RW
schrisw01,Second Team All-Star,1936,NHL,,LW
seibeea01,Second Team All-Star,1936,NHL,,D
smithno01,Vezina,1936,NHL,,
drillgo01,Art Ross,1937,NHL,,
dahlscu01,Calder,1937,NHL,,
cowlebi01,First Team All-Star,1937,NHL,,C
dilloce01,First Team All-Star,1937,NHL,tie,RW
drillgo01,First Team All-Star,1937,NHL,tie,RW
shoreed01,First Team All-Star,1937,NHL,,D
siebeba01,First Team All-Star,1937,NHL,,D
thomppa01,First Team All-Star,1937,NHL,,LW
thompti01,First Team All-Star,1937,NHL,,G
shoreed01,Hart,1937,NHL,,
drillgo01,Lady Byng,1937,NHL,,
appssy01,Second Team All-Star,1937,NHL,,C
blaketo01,Second Team All-Star,1937,NHL,,LW
coultar01,Second Team All-Star,1937,NHL,,D
kerrda01,Second Team All-Star,1937,NHL,,G
seibeea01,Second Team All-Star,1937,NHL,,D
thompti01,Vezina,1937,NHL,,
blaketo01,Art Ross,1938,NHL,,
brimsfr01,Calder,1938,NHL,,
appssy01,First Team All-Star,1938,NHL,,C
blaketo01,First Team All-Star,1938,NHL,,LW
brimsfr01,First Team All-Star,1938,NHL,,G
clappdi01,First Team All-Star,1938,NHL,,D
drillgo01,First Team All-Star,1938,NHL,,RW
shoreed01,First Team All-Star,1938,NHL,,D
blaketo01,Hart,1938,NHL,,
smithcl01,Lady Byng,1938,NHL,,
bauerbo01,Second Team All-Star,1938,NHL,,RW
colvine01,Second Team All-Star,1938,NHL,,C
coultar01,Second Team All-Star,1938,NHL,,D
gottsjo01,Second Team All-Star,1938,NHL,,LW
robinea01,Second Team All-Star,1938,NHL,,G
seibeea01,Second Team All-Star,1938,NHL,,D
brimsfr01,Vezina,1938,NHL,,
schmimi01,Art Ross,1939,NHL,,
macdoki01,Calder,1939,NHL,,
blaketo01,First Team All-Star,1939,NHL,,LW
clappdi01,First Team All-Star,1939,NHL,,D
goodfeb01,First Team All-Star,1939,NHL,,D
hextabr01,First Team All-Star,1939,NHL,,RW
kerrda01,First Team All-Star,1939,NHL,,G
schmimi01,First Team All-Star,1939,NHL,,C
goodfeb01,Hart,1939,NHL,,
bauerbo01,Lady Byng,1939,NHL,,
bauerbo01,Second Team All-Star,1939,NHL,,RW
brimsfr01,Second Team All-Star,1939,NHL,,G
colvine01,Second Team All-Star,1939,NHL,,C
coultar01,Second Team All-Star,1939,NHL,,D
dumarwo01,Second Team All-Star,1939,NHL,,LW
seibeea01,Second Team All-Star,1939,NHL,,D
kerrda01,Vezina,1939,NHL,,
cowlebi01,Art Ross,1940,NHL,,
quiltjo01,Calder,1940,NHL,,
brodatu01,First Team All-Star,1940,NHL,,G
clappdi01,First Team All-Star,1940,NHL,,D
cowlebi01,First Team All-Star,1940,NHL,,C
hextabr01,First Team All-Star,1940,NHL,,RW
schrisw01,First Team All-Star,1940,NHL,,LW
stanowa01,First Team All-Star,1940,NHL,,D
cowlebi01,Hart,1940,NHL,,
bauerbo01,Lady Byng,1940,NHL,,
appssy01,Second Team All-Star,1940,NHL,,C
bauerbo01,Second Team All-Star,1940,NHL,,RW
brimsfr01,Second Team All-Star,1940,NHL,,G
dumarwo01,Second Team All-Star,1940,NHL,,LW
helleot01,Second Team All-Star,1940,NHL,,D
seibeea01,Second Team All-Star,1940,NHL,,D
brodatu01,Vezina,1940,NHL,,
hextabr01,Art Ross,1941,NHL,,
warwigr01,Calder,1941,NHL,,
anderto01,First Team All-Star,1941,NHL,,D
appssy01,First Team All-Star,1941,NHL,,C
brimsfr01,First Team All-Star,1941,NHL,,G
hextabr01,First Team All-Star,1941,NHL,,RW
patrily01,First Team All-Star,1941,NHL,,LW
seibeea01,First Team All-Star,1941,NHL,,D
anderto01,Hart,1941,NHL,,
appssy01,Lady Byng,1941,NHL,,
abelsi01,Second Team All-Star,1941,NHL,,LW
brodatu01,Second Team All-Star,1941,NHL,,G
drillgo01,Second Team All-Star,1941,NHL,,RW
eganpa01,Second Team All-Star,1941,NHL,,D
mcdonbu01,Second Team All-Star,1941,NHL,,D
watsoph01,Second Team All-Star,1941,NHL,,C
brimsfr01,Vezina,1941,NHL,,
bentldo01,Art Ross,1942,NHL,,
stewaga01,Calder,1942,NHL,,
bentldo01,First Team All-Star,1942,NHL,,LW
carrlo01,First Team All-Star,1942,NHL,,RW
cowlebi01,First Team All-Star,1942,NHL,,C
mowerjo01,First Team All-Star,1942,NHL,,G
seibeea01,First Team All-Star,1942,NHL,,D
stewaja01,First Team All-Star,1942,NHL,,D
cowlebi01,Hart,1942,NHL,,
bentlma01,Lady Byng,1942,NHL,,
appssy01,Second Team All-Star,1942,NHL,,C
brimsfr01,Second Team All-Star,1942,NHL,,G
crawfja01,Second Team All-Star,1942,NHL,,D
hextabr01,Second Team All-Star,1942,NHL,,RW
hollefl01,Second Team All-Star,1942,NHL,,D
patrily01,Second Team All-Star,1942,NHL,,LW
mowerjo01,Vezina,1942,NHL,,
cainhe01,Art Ross,1943,NHL,,
bodnagu01,Calder,1943,NHL,,
bentldo01,First Team All-Star,1943,NHL,,LW
carrlo01,First Team All-Star,1943,NHL,,RW
cowlebi01,First Team All-Star,1943,NHL,,C
durnabi01,First Team All-Star,1943,NHL,,G
prattba01,First Team All-Star,1943,NHL,,D
seibeea01,First Team All-Star,1943,NHL,,D
prattba01,Hart,1943,NHL,,
smithcl01,Lady Byng,1943,NHL,,
bibeapa01,Second Team All-Star,1943,NHL,,G
bouchbu01,Second Team All-Star,1943,NHL,,D
cainhe01,Second Team All-Star,1943,NHL,,LW
clappdi01,Second Team All-Star,1943,NHL,,D
lachel01,Second Team All-Star,1943,NHL,,C
richama01,Second Team All-Star,1943,NHL,,RW
durnabi01,Vezina,1943,NHL,,
lachel01,Art Ross,1944,NHL,,
mccoofr01,Calder,1944,NHL,,
blaketo01,First Team All-Star,1944,NHL,,LW
bouchbu01,First Team All-Star,1944,NHL,,D
durnabi01,First Team All-Star,1944,NHL,,G
hollefl01,First Team All-Star,1944,NHL,,D
lachel01,First Team All-Star,1944,NHL,,C
richama01,First Team All-Star,1944,NHL,,RW
lachel01,Hart,1944,NHL,,
mosiebi01,Lady Byng,1944,NHL,,
cowlebi01,Second Team All-Star,1944,NHL,,C
harmogl01,Second Team All-Star,1944,NHL,,D
howesy01,Second Team All-Star,1944,NHL,,LW
karakmi01,Second Team All-Star,1944,NHL,,G
mosiebi01,Second Team All-Star,1944,NHL,,RW
prattba01,Second Team All-Star,1944,NHL,,D
durnabi01,Vezina,1944,NHL,,
bentlma01,Art Ross,1945,NHL,,
lapraed01,Calder,1945,NHL,,
bentlma01,First Team All-Star,1945,NHL,,C
bouchbu01,First Team All-Star,1945,NHL,,D
crawfja01,First Team All-Star,1945,NHL,,D
durnabi01,First Team All-Star,1945,NHL,,G
richama01,First Team All-Star,1945,NHL,,RW
stewaga01,First Team All-Star,1945,NHL,,LW
bentlma01,Hart,1945,NHL,,
blaketo01,Lady Byng,1945,NHL,,
blaketo01,Second Team All-Star,1945,NHL,,LW
brimsfr01,Second Team All-Star,1945,NHL,,G
lachel01,Second Team All-Star,1945,NHL,,C
mosiebi01,Second Team All-Star,1945,NHL,,RW
reardke01,Second Team All-Star,1945,NHL,,D
stewaja01,Second Team All-Star,1945,NHL,,D
durnabi01,Vezina,1945,NHL,,
bentlma01,Art Ross,1946,NHL,,
meekeho01,Calder,1946,NHL,,
bentldo01,First Team All-Star,1946,NHL,,LW
bouchbu01,First Team All-Star,1946,NHL,,D
durnabi01,First Team All-Star,1946,NHL,,G
reardke01,First Team All-Star,1946,NHL,,D
richama01,First Team All-Star,1946,NHL,,RW
schmimi01,First Team All-Star,1946,NHL,,C
richama01,Hart,1946,NHL,,
bauerbo01,Lady Byng,1946,NHL,,
bauerbo01,Second Team All-Star,1946,NHL,,RW
bentlma01,Second Team All-Star,1946,NHL,,C
brimsfr01,Second Team All-Star,1946,NHL,,G
dumarwo01,Second Team All-Star,1946,NHL,,LW
quackbi01,Second Team All-Star,1946,NHL,,D
stewaja01,Second Team All-Star,1946,NHL,,D
durnabi01,Vezina,1946,NHL,,
lachel01,Art Ross,1947,NHL,,
mcfadji01,Calder,1947,NHL,,
brodatu01,First Team All-Star,1947,NHL,,G
lachel01,First Team All-Star,1947,NHL,,C
lindste01,First Team All-Star,1947,NHL,,LW
quackbi01,First Team All-Star,1947,NHL,,D
richama01,First Team All-Star,1947,NHL,,RW
stewaja01,First Team All-Star,1947,NHL,,D
oconnbu01,Hart,1947,NHL,,
oconnbu01,Lady Byng,1947,NHL,,
brimsfr01,Second Team All-Star,1947,NHL,,G
colvine01,Second Team All-Star,1947,NHL,,D
oconnbu01,Second Team All-Star,1947,NHL,,C
poilebu01,Second Team All-Star,1947,NHL,,RW
reardke01,Second Team All-Star,1947,NHL,,D
stewaga01,Second Team All-Star,1947,NHL,,LW
brodatu01,Vezina,1947,NHL,,
conacro01,Art Ross,1948,NHL,,
lundpe01,Calder,1948,NHL,,
abelsi01,First Team All-Star,1948,NHL,,C
conacro01,First Team All-Star,1948,NHL,,LW
durnabi01,First Team All-Star,1948,NHL,,G
quackbi01,First Team All-Star,1948,NHL,,D
richama01,First Team All-Star,1948,NHL,,RW
stewaja01,First Team All-Star,1948,NHL,,D
abelsi01,Hart,1948,NHL,,
quackbi01,Lady Byng,1948,NHL,,
bentldo01,Second Team All-Star,1948,NHL,,C
harmogl01,Second Team All-Star,1948,NHL,,D
howego01,Second Team All-Star,1948,NHL,,RW
lindste01,Second Team All-Star,1948,NHL,,LW
raynech01,Second Team All-Star,1948,NHL,,G
reardke01,Second Team All-Star,1948,NHL,,D
durnabi01,Vezina,1948,NHL,,
lindste01,Art Ross,1949,NHL,,
gelinja01,Calder,1949,NHL,,
abelsi01,First Team All-Star,1949,NHL,,C
durnabi01,First Team All-Star,1949,NHL,,G
lindste01,First Team All-Star,1949,NHL,,LW
mortsgu01,First Team All-Star,1949,NHL,,D
reardke01,First Team All-Star,1949,NHL,,D
richama01,First Team All-Star,1949,NHL,,RW
raynech01,Hart,1949,NHL,,
lapraed01,Lady Byng,1949,NHL,,
howego01,Second Team All-Star,1949,NHL,,RW
kellyre01,Second Team All-Star,1949,NHL,,D
kennete01,Second Team All-Star,1949,NHL,,C
leswito01,Second Team All-Star,1949,NHL,,LW
raynech01,Second Team All-Star,1949,NHL,,G
reisele02,Second Team All-Star,1949,NHL,,D
durnabi01,Vezina,1949,NHL,,
howego01,Art Ross,1950,NHL,,
sawchte01,Calder,1950,NHL,,
howego01,First Team All-Star,1950,NHL,,RW
kellyre01,First Team All-Star,1950,NHL,,D
lindste01,First Team All-Star,1950,NHL,,LW
quackbi01,First Team All-Star,1950,NHL,,D
sawchte01,First Team All-Star,1950,NHL,,G
schmimi01,First Team All-Star,1950,NHL,,C
schmimi01,Hart,1950,NHL,,
kellyre01,Lady Byng,1950,NHL,,
abelsi01,Second Team All-Star,1950,NHL,tie,C
kennete01,Second Team All-Star,1950,NHL,tie,C
raynech01,Second Team All-Star,1950,NHL,,G
reisele02,Second Team All-Star,1950,NHL,,D
richama01,Second Team All-Star,1950,NHL,,RW
smithsi01,Second Team All-Star,1950,NHL,,LW
thomsji01,Second Team All-Star,1950,NHL,,D
rollial01,Vezina,1950,NHL,,
howego01,Art Ross,1951,NHL,,
geoffbe01,Calder,1951,NHL,,
harvedo01,First Team All-Star,1951,NHL,,D
howego01,First Team All-Star,1951,NHL,,RW
kellyre01,First Team All-Star,1951,NHL,,D
lachel01,First Team All-Star,1951,NHL,,C
lindste01,First Team All-Star,1951,NHL,,LW
sawchte01,First Team All-Star,1951,NHL,,G
howego01,Hart,1951,NHL,,
smithsi01,Lady Byng,1951,NHL,,
bullehy01,Second Team All-Star,1951,NHL,,D
henryji01,Second Team All-Star,1951,NHL,,G
richama01,Second Team All-Star,1951,NHL,,RW
schmimi01,Second Team All-Star,1951,NHL,,C
smithsi01,Second Team All-Star,1951,NHL,,LW
thomsji01,Second Team All-Star,1951,NHL,,D
sawchte01,Vezina,1951,NHL,,
howego01,Art Ross,1952,NHL,,
worslgu01,Calder,1952,NHL,,
harvedo01,First Team All-Star,1952,NHL,,D
howego01,First Team All-Star,1952,NHL,,RW
kellyre01,First Team All-Star,1952,NHL,,D
lindste01,First Team All-Star,1952,NHL,,LW
mackefl01,First Team All-Star,1952,NHL,,C
sawchte01,First Team All-Star,1952,NHL,,G
howego01,Hart,1952,NHL,,
kellyre01,Lady Byng,1952,NHL,,
delveal01,Second Team All-Star,1952,NHL,,C
gadsbbi01,Second Team All-Star,1952,NHL,,D
mcneige01,Second Team All-Star,1952,NHL,,G
olmstbe01,Second Team All-Star,1952,NHL,,LW
quackbi01,Second Team All-Star,1952,NHL,,D
richama01,Second Team All-Star,1952,NHL,,RW
sawchte01,Vezina,1952,NHL,,
howego01,Art Ross,1953,NHL,,
henryca01,Calder,1953,NHL,,
harvedo01,First Team All-Star,1953,NHL,,D
howego01,First Team All-Star,1953,NHL,,RW
kellyre01,First Team All-Star,1953,NHL,,D
lindste01,First Team All-Star,1953,NHL,,LW
lumleha01,First Team All-Star,1953,NHL,,G
mosdeke01,First Team All-Star,1953,NHL,,C
rollial01,Hart,1953,NHL,,
kellyre01,Lady Byng,1953,NHL,,
kellyre01,Norris,1953,NHL,,
gadsbbi01,Second Team All-Star,1953,NHL,,D
hortoti01,Second Team All-Star,1953,NHL,,D
kennete01,Second Team All-Star,1953,NHL,,C
richama01,Second Team All-Star,1953,NHL,,RW
sandfed01,Second Team All-Star,1953,NHL,,LW
sawchte01,Second Team All-Star,1953,NHL,,G
lumleha01,Vezina,1953,NHL,,
geoffbe01,Art Ross,1954,NHL,,
litzeed01,Calder,1954,NHL,,
belivje01,First Team All-Star,1954,NHL,,C
harvedo01,First Team All-Star,1954,NHL,,D
kellyre01,First Team All-Star,1954,NHL,,D
lumleha01,First Team All-Star,1954,NHL,,G
richama01,First Team All-Star,1954,NHL,,RW
smithsi01,First Team All-Star,1954,NHL,,LW
kennete01,Hart,1954,NHL,,
smithsi01,Lady Byng,1954,NHL,,
harvedo01,Norris,1954,NHL,,
flamafe01,Second Team All-Star,1954,NHL,,D
geoffbe01,Second Team All-Star,1954,NHL,,RW
goldhbo01,Second Team All-Star,1954,NHL,,D
lewicda01,Second Team All-Star,1954,NHL,,LW
mosdeke01,Second Team All-Star,1954,NHL,,C
sawchte01,Second Team All-Star,1954,NHL,,G
sawchte01,Vezina,1954,NHL,,
belivje01,Art Ross,1955,NHL,,
hallgl01,Calder,1955,NHL,,
belivje01,First Team All-Star,1955,NHL,,C
gadsbbi01,First Team All-Star,1955,NHL,,D
harvedo01,First Team All-Star,1955,NHL,,D
lindste01,First Team All-Star,1955,NHL,,LW
plantja01,First Team All-Star,1955,NHL,,G
richama01,First Team All-Star,1955,NHL,,RW
belivje01,Hart,1955,NHL,,
reibedu01,Lady Byng,1955,NHL,,
harvedo01,Norris,1955,NHL,,
hallgl01,Second Team All-Star,1955,NHL,,G
howego01,Second Team All-Star,1955,NHL,,RW
johnsto01,Second Team All-Star,1955,NHL,,D
kellyre01,Second Team All-Star,1955,NHL,,D
olmstbe01,Second Team All-Star,1955,NHL,,LW
sloanto01,Second Team All-Star,1955,NHL,,C
plantja01,Vezina,1955,NHL,,
howego01,Art Ross,1956,NHL,,
reganla01,Calder,1956,NHL,,
belivje01,First Team All-Star,1956,NHL,,C
hallgl01,First Team All-Star,1956,NHL,,G
harvedo01,First Team All-Star,1956,NHL,,D
howego01,First Team All-Star,1956,NHL,,RW
kellyre01,First Team All-Star,1956,NHL,,D
lindste01,First Team All-Star,1956,NHL,,LW
howego01,Hart,1956,NHL,,
hebenan01,Lady Byng,1956,NHL,,
harvedo01,Norris,1956,NHL,,
chevrre01,Second Team All-Star,1956,NHL,,LW
flamafe01,Second Team All-Star,1956,NHL,,D
gadsbbi01,Second Team All-Star,1956,NHL,,D
litzeed01,Second Team All-Star,1956,NHL,,C
plantja01,Second Team All-Star,1956,NHL,,G
richama01,Second Team All-Star,1956,NHL,,RW
plantja01,Vezina,1956,NHL,,
mooredi01,Art Ross,1957,NHL,,
mahovfr01,Calder,1957,NHL,,
gadsbbi01,First Team All-Star,1957,NHL,,D
hallgl01,First Team All-Star,1957,NHL,,G
harvedo01,First Team All-Star,1957,NHL,,D
howego01,First Team All-Star,1957,NHL,,RW
mooredi01,First Team All-Star,1957,NHL,,LW
richahe01,First Team All-Star,1957,NHL,,C
howego01,Hart,1957,NHL,,
henryca01,Lady Byng,1957,NHL,,
harvedo01,Norris,1957,NHL,,
bathgan01,Second Team All-Star,1957,NHL,,RW
belivje01,Second Team All-Star,1957,NHL,,C
flamafe01,Second Team All-Star,1957,NHL,,D
henryca01,Second Team All-Star,1957,NHL,,LW
plantja01,Second Team All-Star,1957,NHL,,G
pronoma01,Second Team All-Star,1957,NHL,,D
plantja01,Vezina,1957,NHL,,
mooredi01,Art Ross,1958,NHL,,
backsra01,Calder,1958,NHL,,
bathgan01,First Team All-Star,1958,NHL,,RW
belivje01,First Team All-Star,1958,NHL,,C
gadsbbi01,First Team All-Star,1958,NHL,,D
johnsto01,First Team All-Star,1958,NHL,,D
mooredi01,First Team All-Star,1958,NHL,,LW
plantja01,First Team All-Star,1958,NHL,,G
bathgan01,Hart,1958,NHL,,
delveal01,Lady Byng,1958,NHL,,
johnsto01,Norris,1958,NHL,,
delveal01,Second Team All-Star,1958,NHL,,LW
harvedo01,Second Team All-Star,1958,NHL,,D
howego01,Second Team All-Star,1958,NHL,,RW
pronoma01,Second Team All-Star,1958,NHL,,D
richahe01,Second Team All-Star,1958,NHL,,C
sawchte01,Second Team All-Star,1958,NHL,,G
plantja01,Vezina,1958,NHL,,
hullbo01,Art Ross,1959,NHL,,
haybi01,Calder,1959,NHL,,
belivje01,First Team All-Star,1959,NHL,,C
hallgl01,First Team All-Star,1959,NHL,,G
harvedo01,First Team All-Star,1959,NHL,,D
howego01,First Team All-Star,1959,NHL,,RW
hullbo01,First Team All-Star,1959,NHL,,LW
pronoma01,First Team All-Star,1959,NHL,,D
howego01,Hart,1959,NHL,,
mckendo01,Lady Byng,1959,NHL,,
harvedo01,Norris,1959,NHL,,
geoffbe01,Second Team All-Star,1959,NHL,,RW
horvabr01,Second Team All-Star,1959,NHL,,C
pilotpi01,Second Team All-Star,1959,NHL,,D
plantja01,Second Team All-Star,1959,NHL,,G
prentde01,Second Team All-Star,1959,NHL,,LW
stanlal01,Second Team All-Star,1959,NHL,,D
plantja01,Vezina,1959,NHL,,
geoffbe01,Art Ross,1960,NHL,,
keonda01,Calder,1960,NHL,,
belivje01,First Team All-Star,1960,NHL,,C
bowerjo01,First Team All-Star,1960,NHL,,G
geoffbe01,First Team All-Star,1960,NHL,,RW
harvedo01,First Team All-Star,1960,NHL,,D
mahovfr01,First Team All-Star,1960,NHL,,LW
pronoma01,First Team All-Star,1960,NHL,,D
geoffbe01,Hart,1960,NHL,,
kellyre01,Lady Byng,1960,NHL,,
harvedo01,Norris,1960,NHL,,
hallgl01,Second Team All-Star,1960,NHL,,G
howego01,Second Team All-Star,1960,NHL,,RW
mooredi01,Second Team All-Star,1960,NHL,,LW
pilotpi01,Second Team All-Star,1960,NHL,,D
richahe01,Second Team All-Star,1960,NHL,,C
stanlal01,Second Team All-Star,1960,NHL,,D
bowerjo01,Vezina,1960,NHL,,
hullbo01,Art Ross,1961,NHL,,
roussbo01,Calder,1961,NHL,,
bathgan01,First Team All-Star,1961,NHL,,RW
harvedo01,First Team All-Star,1961,NHL,,D
hullbo01,First Team All-Star,1961,NHL,,LW
mikitst01,First Team All-Star,1961,NHL,,C
plantja01,First Team All-Star,1961,NHL,,G
talboje01,First Team All-Star,1961,NHL,,D
plantja01,Hart,1961,NHL,,
keonda01,Lady Byng,1961,NHL,,
harvedo01,Norris,1961,NHL,,
breweca01,Second Team All-Star,1961,NHL,,D
hallgl01,Second Team All-Star,1961,NHL,,G
howego01,Second Team All-Star,1961,NHL,,RW
keonda01,Second Team All-Star,1961,NHL,,C
mahovfr01,Second Team All-Star,1961,NHL,,LW
pilotpi01,Second Team All-Star,1961,NHL,,D
plantja01,Vezina,1961,NHL,,
howego01,Art Ross,1962,NHL,,
douglke01,Calder,1962,NHL,,
breweca01,First Team All-Star,1962,NHL,,D
hallgl01,First Team All-Star,1962,NHL,,G
howego01,First Team All-Star,1962,NHL,,RW
mahovfr01,First Team All-Star,1962,NHL,,LW
mikitst01,First Team All-Star,1962,NHL,,C
pilotpi01,First Team All-Star,1962,NHL,,D
howego01,Hart,1962,NHL,,
keonda01,Lady Byng,1962,NHL,,
pilotpi01,Norris,1962,NHL,,
bathgan01,Second Team All-Star,1962,NHL,,RW
hortoti01,Second Team All-Star,1962,NHL,,D
hullbo01,Second Team All-Star,1962,NHL,,LW
richahe01,Second Team All-Star,1962,NHL,,C
sawchte01,Second Team All-Star,1962,NHL,,G
vaskomo01,Second Team All-Star,1962,NHL,,D
hallgl01,Vezina,1962,NHL,,
mikitst01,Art Ross,1963,NHL,,
laperja01,Calder,1963,NHL,,
hallgl01,First Team All-Star,1963,NHL,,G
hortoti01,First Team All-Star,1963,NHL,,D
hullbo01,First Team All-Star,1963,NHL,,LW
mikitst01,First Team All-Star,1963,NHL,,C
pilotpi01,First Team All-Star,1963,NHL,,D
wharrke01,First Team All-Star,1963,NHL,,RW
belivje01,Hart,1963,NHL,,
wharrke01,Lady Byng,1963,NHL,,
pilotpi01,Norris,1963,NHL,,
belivje01,Second Team All-Star,1963,NHL,,C
hodgech01,Second Team All-Star,1963,NHL,,G
howego01,Second Team All-Star,1963,NHL,,RW
laperja01,Second Team All-Star,1963,NHL,,D
mahovfr01,Second Team All-Star,1963,NHL,,LW
vaskomo01,Second Team All-Star,1963,NHL,,D
hodgech01,Vezina,1963,NHL,,
mikitst01,Art Ross,1964,NHL,,
croziro01,Calder,1964,NHL,,
belivje01,Conn Smythe,1964,NHL,,
croziro01,First Team All-Star,1964,NHL,,G
hullbo01,First Team All-Star,1964,NHL,,LW
laperja01,First Team All-Star,1964,NHL,,D
pilotpi01,First Team All-Star,1964,NHL,,D
provocl01,First Team All-Star,1964,NHL,,RW
ullmano01,First Team All-Star,1964,NHL,,C
hullbo01,Hart,1964,NHL,,
hullbo01,Lady Byng,1964,NHL,,
pilotpi01,Norris,1964,NHL,,
breweca01,Second Team All-Star,1964,NHL,,D
gadsbbi01,Second Team All-Star,1964,NHL,,D
hodgech01,Second Team All-Star,1964,NHL,,G
howego01,Second Team All-Star,1964,NHL,,RW
mahovfr01,Second Team All-Star,1964,NHL,,LW
mikitst01,Second Team All-Star,1964,NHL,,C
bowerjo01,Vezina,1964,NHL,shared,
sawchte01,Vezina,1964,NHL,shared,
hullbo01,Art Ross,1965,NHL,,
selbybr01,Calder,1965,NHL,,
croziro01,Conn Smythe,1965,NHL,,
hallgl01,First Team All-Star,1965,NHL,,G
howego01,First Team All-Star,1965,NHL,,RW
hullbo01,First Team All-Star,1965,NHL,,LW
laperja01,First Team All-Star,1965,NHL,,D
mikitst01,First Team All-Star,1965,NHL,,C
pilotpi01,First Team All-Star,1965,NHL,,D
hullbo01,Hart,1965,NHL,,
delveal01,Lady Byng,1965,NHL,,
laperja01,Norris,1965,NHL,,
belivje01,Second Team All-Star,1965,NHL,,C
mahovfr01,Second Team All-Star,1965,NHL,,LW
roussbo01,Second Team All-Star,1965,NHL,,RW
stanlal01,Second Team All-Star,1965,NHL,,D
staplpa01,Second Team All-Star,1965,NHL,,D
worslgu01,Second Team All-Star,1965,NHL,,G
hodgech01,Vezina,1965,NHL,shared,
worslgu01,Vezina,1965,NHL,shared,
mikitst01,Art Ross,1966,NHL,,
orrbo01,Calder,1966,NHL,,
keonda01,Conn Smythe,1966,NHL,,
giacoed01,First Team All-Star,1966,NHL,,G
howelha01,First Team All-Star,1966,NHL,,D
hullbo01,First Team All-Star,1966,NHL,,LW
mikitst01,First Team All-Star,1966,NHL,,C
pilotpi01,First Team All-Star,1966,NHL,,D
wharrke01,First Team All-Star,1966,NHL,,RW
mikitst01,Hart,1966,NHL,,
mikitst01,Lady Byng,1966,NHL,,
howelha01,Norris,1966,NHL,,
hallgl01,Second Team All-Star,1966,NHL,,G
hortoti01,Second Team All-Star,1966,NHL,,D
howego01,Second Team All-Star,1966,NHL,,RW
marshdo01,Second Team All-Star,1966,NHL,,LW
orrbo01,Second Team All-Star,1966,NHL,,D
ullmano01,Second Team All-Star,1966,NHL,,C
dejorde01,Vezina,1966,NHL,shared,
hallgl01,Vezina,1966,NHL,shared,
mikitst01,Art Ross,1967,NHL,,
sandede01,Calder,1967,NHL,,
hallgl01,Conn Smythe,1967,NHL,,
hortoti01,First Team All-Star,1967,NHL,,D
howego01,First Team All-Star,1967,NHL,,RW
hullbo01,First Team All-Star,1967,NHL,,LW
mikitst01,First Team All-Star,1967,NHL,,C
orrbo01,First Team All-Star,1967,NHL,,D
worslgu01,First Team All-Star,1967,NHL,,G
mikitst01,Hart,1967,NHL,,
mikitst01,Lady Byng,1967,NHL,,
provocl01,Masterton,1967,NHL,,
orrbo01,Norris,1967,NHL,,
bucykjo01,Second Team All-Star,1967,NHL,,LW
esposph01,Second Team All-Star,1967,NHL,,C
giacoed01,Second Team All-Star,1967,NHL,,G
gilbero01,Second Team All-Star,1967,NHL,,RW
neilsji01,Second Team All-Star,1967,NHL,,D
trembjc01,Second Team All-Star,1967,NHL,,D
vachoro01,Vezina,1967,NHL,shared,
worslgu01,Vezina,1967,NHL,shared,
esposph01,Art Ross,1968,NHL,,
grantda01,Calder,1968,NHL,,
savarse01,Conn Smythe,1968,NHL,,
esposph01,First Team All-Star,1968,NHL,,C
hallgl01,First Team All-Star,1968,NHL,,G
hortoti01,First Team All-Star,1968,NHL,,D
howego01,First Team All-Star,1968,NHL,,RW
hullbo01,First Team All-Star,1968,NHL,,LW
orrbo01,First Team All-Star,1968,NHL,,D
esposph01,Hart,1968,NHL,,
delveal01,Lady Byng,1968,NHL,,
hampste01,Masterton,1968,NHL,,
orrbo01,Norris,1968,NHL,,
belivje01,Second Team All-Star,1968,NHL,,C
cournyv01,Second Team All-Star,1968,NHL,,RW
giacoed01,Second Team All-Star,1968,NHL,,G
greente01,Second Team All-Star,1968,NHL,,D
harrite01,Second Team All-Star,1968,NHL,,D
mahovfr01,Second Team All-Star,1968,NHL,,LW
hallgl01,Vezina,1968,NHL,shared,
plantja01,Vezina,1968,NHL,shared,
orrbo01,Art Ross,1969,NHL,,
esposto01,Calder,1969,NHL,,
orrbo01,Conn Smythe,1969,NHL,,
esposph01,First Team All-Star,1969,NHL,,C
esposto01,First Team All-Star,1969,NHL,,G
howego01,First Team All-Star,1969,NHL,,RW
hullbo01,First Team All-Star,1969,NHL,,LW
orrbo01,First Team All-Star,1969,NHL,,D
parkbr01,First Team All-Star,1969,NHL,,D
orrbo01,Hart,1969,NHL,,
goyetph01,Lady Byng,1969,NHL,,
martipi01,Masterton,1969,NHL,,
orrbo01,Norris,1969,NHL,,
breweca01,Second Team All-Star,1969,NHL,,D
giacoed01,Second Team All-Star,1969,NHL,,G
laperja01,Second Team All-Star,1969,NHL,,D
mahovfr01,Second Team All-Star,1969,NHL,,LW
mckenjo01,Second Team All-Star,1969,NHL,,RW
mikitst01,Second Team All-Star,1969,NHL,,C
esposto01,Vezina,1969,NHL,,
esposph01,Art Ross,1970,NHL,,
perregi01,Calder,1970,NHL,,
drydeke01,Conn Smythe,1970,NHL,,
bucykjo01,First Team All-Star,1970,NHL,,LW
esposph01,First Team All-Star,1970,NHL,,C
giacoed01,First Team All-Star,1970,NHL,,G
hodgeke01,First Team All-Star,1970,NHL,,RW
orrbo01,First Team All-Star,1970,NHL,,D
trembjc01,First Team All-Star,1970,NHL,,D
orrbo01,Hart,1970,NHL,,
bucykjo01,Lady Byng,1970,NHL,,
ratelje01,Masterton,1970,NHL,,
orrbo01,Norris,1970,NHL,,
esposph01,Pearson,1970,NHL,,
cournyv01,Second Team All-Star,1970,NHL,,RW
hullbo01,Second Team All-Star,1970,NHL,,LW
keonda01,Second Team All-Star,1970,NHL,,C
parkbr01,Second Team All-Star,1970,NHL,,D
plantja01,Second Team All-Star,1970,NHL,,G
staplpa01,Second Team All-Star,1970,NHL,,D
giacoed01,Vezina,1970,NHL,shared,
villegi01,Vezina,1970,NHL,shared,
esposph01,Art Ross,1971,NHL,,
drydeke01,Calder,1971,NHL,,
orrbo01,Conn Smythe,1971,NHL,,
esposph01,First Team All-Star,1971,NHL,,C
esposto01,First Team All-Star,1971,NHL,,G
gilbero01,First Team All-Star,1971,NHL,,RW
hullbo01,First Team All-Star,1971,NHL,,LW
orrbo01,First Team All-Star,1971,NHL,,D
parkbr01,First Team All-Star,1971,NHL,,D
orrbo01,Hart,1971,NHL,,
ratelje01,Lady Byng,1971,NHL,,
clarkbo01,Masterton,1971,NHL,,
orrbo01,Norris,1971,NHL,,
ratelje01,Pearson,1971,NHL,,
cournyv01,Second Team All-Star,1971,NHL,,RW
drydeke01,Second Team All-Star,1971,NHL,,G
hadfivi01,Second Team All-Star,1971,NHL,,LW
ratelje01,Second Team All-Star,1971,NHL,,C
staplpa01,Second Team All-Star,1971,NHL,,D
whitebi01,Second Team All-Star,1971,NHL,,D
esposto01,Vezina,1971,NHL,shared,
smithga01,Vezina,1971,NHL,shared,
esposph01,Art Ross,1972,NHL,,
vickest01,Calder,1972,NHL,,
cournyv01,Conn Smythe,1972,NHL,,
drydeke01,First Team All-Star,1972,NHL,,G
esposph01,First Team All-Star,1972,NHL,,C
lapoigu01,First Team All-Star,1972,NHL,,D
mahovfr01,First Team All-Star,1972,NHL,,LW
orrbo01,First Team All-Star,1972,NHL,,D
redmomi01,First Team All-Star,1972,NHL,,RW
clarkbo01,Hart,1972,NHL,,
perregi01,Lady Byng,1972,NHL,,
macdolo01,Masterton,1972,NHL,,
orrbo01,Norris,1972,NHL,,
esposph01,Pearson,1972,NHL,,
clarkbo01,Second Team All-Star,1972,NHL,,C
cournyv01,Second Team All-Star,1972,NHL,,RW
esposto01,Second Team All-Star,1972,NHL,,G
hullde01,Second Team All-Star,1972,NHL,,LW
parkbr01,Second Team All-Star,1972,NHL,,D
whitebi01,Second Team All-Star,1972,NHL,,D
drydeke01,Vezina,1972,NHL,,
esposph01,Art Ross,1973,NHL,,
potvide01,Calder,1973,NHL,,
parenbe01,Conn Smythe,1973,NHL,,
esposph01,First Team All-Star,1973,NHL,,C
hodgeke01,First Team All-Star,1973,NHL,,RW
martiri01,First Team All-Star,1973,NHL,,LW
orrbo01,First Team All-Star,1973,NHL,,D
parenbe01,First Team All-Star,1973,NHL,,G
parkbr01,First Team All-Star,1973,NHL,,D
esposph01,Hart,1973,NHL,,
bucykjo01,Lady Byng,1973,NHL,,
richahe01,Masterton,1973,NHL,,
orrbo01,Norris,1973,NHL,,
clarkbo01,Pearson,1973,NHL,,
ashbeba01,Second Team All-Star,1973,NHL,,D
cashmwa01,Second Team All-Star,1973,NHL,,LW
clarkbo01,Second Team All-Star,1973,NHL,,C
esposto01,Second Team All-Star,1973,NHL,,G
redmomi01,Second Team All-Star,1973,NHL,,RW
whitebi01,Second Team All-Star,1973,NHL,,D
esposto01,Vezina,1973,NHL,tie,
parenbe01,Vezina,1973,NHL,tie,
orrbo01,Art Ross,1974,NHL,,
vailer01,Calder,1974,NHL,,
parenbe01,Conn Smythe,1974,NHL,,
clarkbo01,First Team All-Star,1974,NHL,,C
laflegu01,First Team All-Star,1974,NHL,,RW
martiri01,First Team All-Star,1974,NHL,,LW
orrbo01,First Team All-Star,1974,NHL,,D
parenbe01,First Team All-Star,1974,NHL,,G
potvide01,First Team All-Star,1974,NHL,,D
clarkbo01,Hart,1974,NHL,,
dionnma01,Lady Byng,1974,NHL,,
lucedo01,Masterton,1974,NHL,,
orrbo01,Norris,1974,NHL,,
orrbo01,Pearson,1974,NHL,,
esposph01,Second Team All-Star,1974,NHL,,C
lapoigu01,Second Team All-Star,1974,NHL,,D
roberre01,Second Team All-Star,1974,NHL,,RW
salmibo01,Second Team All-Star,1974,NHL,,D
vachoro01,Second Team All-Star,1974,NHL,,G
vickest01,Second Team All-Star,1974,NHL,,LW
parenbe01,Vezina,1974,NHL,,
laflegu01,Art Ross,1975,NHL,,
trottbr01,Calder,1975,NHL,,
leachre01,Conn Smythe,1975,NHL,,
barbebi01,First Team All-Star,1975,NHL,,LW
clarkbo01,First Team All-Star,1975,NHL,,C
drydeke01,First Team All-Star,1975,NHL,,G
laflegu01,First Team All-Star,1975,NHL,,RW
parkbr01,First Team All-Star,1975,NHL,,D
potvide01,First Team All-Star,1975,NHL,,D
clarkbo01,Hart,1975,NHL,,
ratelje01,Lady Byng,1975,NHL,,
gilbero01,Masterton,1975,NHL,,
potvide01,Norris,1975,NHL,,
laflegu01,Pearson,1975,NHL,,
lapoigu01,Second Team All-Star,1975,NHL,,D
leachre01,Second Team All-Star,1975,NHL,,RW
martiri01,Second Team All-Star,1975,NHL,,LW
perregi01,Second Team All-Star,1975,NHL,,C
reschgl01,Second Team All-Star,1975,NHL,,G
salmibo01,Second Team All-Star,1975,NHL,,D
drydeke01,Vezina,1975,NHL,,
laflegu01,Art Ross,1976,NHL,,
plettwi01,Calder,1976,NHL,,
laflegu01,Conn Smythe,1976,NHL,,
dionnma01,First Team All-Star,1976,NHL,,C
drydeke01,First Team All-Star,1976,NHL,,G
laflegu01,First Team All-Star,1976,NHL,,RW
robinla01,First Team All-Star,1976,NHL,,D
salmibo01,First Team All-Star,1976,NHL,,D
shuttst01,First Team All-Star,1976,NHL,,LW
laflegu01,Hart,1976,NHL,,
dionnma01,Lady Byng,1976,NHL,,
westfed01,Masterton,1976,NHL,,
robinla01,Norris,1976,NHL,,
laflegu01,Pearson,1976,NHL,,
lapoigu01,Second Team All-Star,1976,NHL,,D
martiri01,Second Team All-Star,1976,NHL,,LW
mcdonla01,Second Team All-Star,1976,NHL,,RW
perregi01,Second Team All-Star,1976,NHL,,C
potvide01,Second Team All-Star,1976,NHL,,D
vachoro01,Second Team All-Star,1976,NHL,,G
drydeke01,Vezina,1976,NHL,shared,
larocmi01,Vezina,1976,NHL,shared,
laflegu01,Art Ross,1977,NHL,,
bossymi01,Calder,1977,NHL,,
robinla01,Conn Smythe,1977,NHL,,
drydeke01,First Team All-Star,1977,NHL,,G
gillicl01,First Team All-Star,1977,NHL,,LW
laflegu01,First Team All-Star,1977,NHL,,RW
parkbr01,First Team All-Star,1977,NHL,,D
potvide01,First Team All-Star,1977,NHL,,D
trottbr01,First Team All-Star,1977,NHL,,C
laflegu01,Hart,1977,NHL,,
gorinbu01,Lady Byng,1977,NHL,,
gorinbu01,Masterton,1977,NHL,,
potvide01,Norris,1977,NHL,,
laflegu01,Pearson,1977,NHL,,
bossymi01,Second Team All-Star,1977,NHL,,RW
edwardo01,Second Team All-Star,1977,NHL,,G
robinla01,Second Team All-Star,1977,NHL,,D
salmibo01,Second Team All-Star,1977,NHL,,D
shuttst01,Second Team All-Star,1977,NHL,,LW
sittlda01,Second Team All-Star,1977,NHL,,C
gainebo01,Selke,1977,NHL,,
drydeke01,Vezina,1977,NHL,shared,
larocmi01,Vezina,1977,NHL,shared,
trottbr01,Art Ross,1978,NHL,,
smithbo01,Calder,1978,NHL,,
gainebo01,Conn Smythe,1978,NHL,,
drydeke01,First Team All-Star,1978,NHL,,G
gillicl01,First Team All-Star,1978,NHL,,LW
laflegu01,First Team All-Star,1978,NHL,,RW
potvide01,First Team All-Star,1978,NHL,,D
robinla01,First Team All-Star,1978,NHL,,D
trottbr01,First Team All-Star,1978,NHL,,C
trottbr01,Hart,1978,NHL,,
macmibo01,Lady Byng,1978,NHL,,
savarse01,Masterton,1978,NHL,,
potvide01,Norris,1978,NHL,,
dionnma01,Pearson,1978,NHL,,
barbebi01,Second Team All-Star,1978,NHL,,LW
bossymi01,Second Team All-Star,1978,NHL,,RW
dionnma01,Second Team All-Star,1978,NHL,,C
reschgl01,Second Team All-Star,1978,NHL,,G
salmibo01,Second Team All-Star,1978,NHL,,D
savarse01,Second Team All-Star,1978,NHL,,D
gainebo01,Selke,1978,NHL,,
drydeke01,Vezina,1978,NHL,shared,
larocmi01,Vezina,1978,NHL,shared,
dionnma01,Art Ross,1979,NHL,,
bourqra01,Calder,1979,NHL,,
trottbr01,Conn Smythe,1979,NHL,,
bourqra01,First Team All-Star,1979,NHL,,D
dionnma01,First Team All-Star,1979,NHL,,C
esposto01,First Team All-Star,1979,NHL,,G
laflegu01,First Team All-Star,1979,NHL,,RW
robinla01,First Team All-Star,1979,NHL,,D
simmech01,First Team All-Star,1979,NHL,,LW
gretzwa01,Hart,1979,NHL,,
gretzwa01,Lady Byng,1979,NHL,,
macadal01,Masterton,1979,NHL,,
robinla01,Norris,1979,NHL,,
dionnma01,Pearson,1979,NHL,,
edwardo01,Second Team All-Star,1979,NHL,,G
gareda01,Second Team All-Star,1979,NHL,,RW
gretzwa01,Second Team All-Star,1979,NHL,,C
salmibo01,Second Team All-Star,1979,NHL,,D
schoeji01,Second Team All-Star,1979,NHL,,D
shuttst01,Second Team All-Star,1979,NHL,,LW
gainebo01,Selke,1979,NHL,,
edwardo01,Vezina,1979,NHL,shared,
sauvebo01,Vezina,1979,NHL,shared,
gretzwa01,Art Ross,1980,NHL,,
stastpe01,Calder,1980,NHL,,
gorinbu01,Conn Smythe,1980,NHL,,
bossymi01,First Team All-Star,1980,NHL,,RW
carlyra01,First Team All-Star,1980,NHL,,D
gretzwa01,First Team All-Star,1980,NHL,,C
liutmi01,First Team All-Star,1980,NHL,,G
potvide01,First Team All-Star,1980,NHL,,D
simmech01,First Team All-Star,1980,NHL,,LW
gretzwa01,Hart,1980,NHL,,
kehoeri01,Lady Byng,1980,NHL,,
dunlobl01,Masterton,1980,NHL,,
carlyra01,Norris,1980,NHL,,
liutmi01,Pearson,1980,NHL,,
barbebi01,Second Team All-Star,1980,NHL,,LW
bourqra01,Second Team All-Star,1980,NHL,,D
dionnma01,Second Team All-Star,1980,NHL,,C
lessama01,Second Team All-Star,1980,NHL,,G
robinla01,Second Team All-Star,1980,NHL,,D
tayloda01,Second Team All-Star,1980,NHL,,RW
gainebo01,Selke,1980,NHL,,
herrode01,Vezina,1980,NHL,shared,
larocmi01,Vezina,1980,NHL,shared,
sevigri01,Vezina,1980,NHL,shared,
gretzwa01,Art Ross,1981,NHL,,
hawerda01,Calder,1981,NHL,,
bossymi01,Conn Smythe,1981,NHL,,
bossymi01,First Team All-Star,1981,NHL,,RW
bourqra01,First Team All-Star,1981,NHL,,D
gretzwa01,First Team All-Star,1981,NHL,,C
messima01,First Team All-Star,1981,NHL,,LW
smithbi01,First Team All-Star,1981,NHL,,G
wilsodo01,First Team All-Star,1981,NHL,,D
gretzwa01,Hart,1981,NHL,,
herrode01,Jennings,1981,NHL,shared,
wamslri01,Jennings,1981,NHL,shared,
middlri01,Lady Byng,1981,NHL,,
reschgl01,Masterton,1981,NHL,,
wilsodo01,Norris,1981,NHL,,
gretzwa01,Pearson,1981,NHL,,
coffepa01,Second Team All-Star,1981,NHL,,D
engblbr01,Second Team All-Star,1981,NHL,,D
fuhrgr01,Second Team All-Star,1981,NHL,,G
middlri01,Second Team All-Star,1981,NHL,,RW
toneljo01,Second Team All-Star,1981,NHL,,LW
trottbr01,Second Team All-Star,1981,NHL,,C
kaspest01,Selke,1981,NHL,,
smithbi01,Vezina,1981,NHL,,
daousda01,All-Rookie,1982,NHL,,C
houslph01,All-Rookie,1982,NHL,,D
larmest01,All-Rookie,1982,NHL,,RW
lindbpe01,All-Rookie,1982,NHL,,G
nasluma01,All-Rookie,1982,NHL,,LW
stevesc01,All-Rookie,1982,NHL,,D
gretzwa01,Art Ross,1982,NHL,,
larmest01,Calder,1982,NHL,,
smithbi01,Conn Smythe,1982,NHL,,
bossymi01,First Team All-Star,1982,NHL,,RW
gretzwa01,First Team All-Star,1982,NHL,,C
howema01,First Team All-Star,1982,NHL,,D
langwro01,First Team All-Star,1982,NHL,,D
messima01,First Team All-Star,1982,NHL,,LW
peetepe01,First Team All-Star,1982,NHL,,G
gretzwa01,Hart,1982,NHL,,
melanro01,Jennings,1982,NHL,shared,
smithbi01,Jennings,1982,NHL,shared,
bossymi01,Lady Byng,1982,NHL,,
mcdonla01,Masterton,1982,NHL,,
langwro01,Norris,1982,NHL,,
gretzwa01,Pearson,1982,NHL,,
huddych01,Plus-Minus,1982,NHL,,
bourqra01,Second Team All-Star,1982,NHL,,D
coffepa01,Second Team All-Star,1982,NHL,,D
goulemi01,Second Team All-Star,1982,NHL,,LW
mcdonla01,Second Team All-Star,1982,NHL,,RW
melanro01,Second Team All-Star,1982,NHL,,G
savarde01,Second Team All-Star,1982,NHL,,C
clarkbo01,Selke,1982,NHL,,
peetepe01,Vezina,1982,NHL,,
barrato01,All-Rookie,1983,NHL,,G
eriksth01,All-Rookie,1983,NHL,,D
loobha01,All-Rookie,1983,NHL,,RW
macouja01,All-Rookie,1983,NHL,,D
turgesy01,All-Rookie,1983,NHL,,LW
yzermst01,All-Rookie,1983,NHL,,C
gretzwa01,Art Ross,1983,NHL,,
barrato01,Calder,1983,NHL,,
messima01,Conn Smythe,1983,NHL,,
barrato01,First Team All-Star,1983,NHL,,G
bossymi01,First Team All-Star,1983,NHL,,RW
bourqra01,First Team All-Star,1983,NHL,,D
goulemi01,First Team All-Star,1983,NHL,,LW
gretzwa01,First Team All-Star,1983,NHL,,C
langwro01,First Team All-Star,1983,NHL,,D
gretzwa01,Hart,1983,NHL,,
jenseal01,Jennings,1983,NHL,shared,
riggipa01,Jennings,1983,NHL,shared,
bossymi01,Lady Byng,1983,NHL,,
parkbr01,Masterton,1983,NHL,,
langwro01,Norris,1983,NHL,,
gretzwa01,Pearson,1983,NHL,,
gretzwa01,Plus-Minus,1983,NHL,,
coffepa01,Second Team All-Star,1983,NHL,,D
kurrija01,Second Team All-Star,1983,NHL,,RW
messima01,Second Team All-Star,1983,NHL,,LW
potvide01,Second Team All-Star,1983,NHL,,D
riggipa01,Second Team All-Star,1983,NHL,,G
trottbr01,Second Team All-Star,1983,NHL,,C
jarvido01,Selke,1983,NHL,,
barrato01,Vezina,1983,NHL,,
bellbr01,All-Rookie,1984,NHL,,D
chelich01,All-Rookie,1984,NHL,,D
lemiema01,All-Rookie,1984,NHL,,C
pennest01,All-Rookie,1984,NHL,,G
sandsto01,All-Rookie,1984,NHL,,RW
youngwa01,All-Rookie,1984,NHL,,LW
gretzwa01,Art Ross,1984,NHL,,
lemiema01,Calder,1984,NHL,,
gretzwa01,Conn Smythe,1984,NHL,,
bourqra01,First Team All-Star,1984,NHL,,D
coffepa01,First Team All-Star,1984,NHL,,D
gretzwa01,First Team All-Star,1984,NHL,,C
kurrija01,First Team All-Star,1984,NHL,,RW
lindbpe01,First Team All-Star,1984,NHL,,G
ogrodjo01,First Team All-Star,1984,NHL,,LW
gretzwa01,Hart,1984,NHL,,
barrato01,Jennings,1984,NHL,shared,
sauvebo01,Jennings,1984,NHL,shared,
kurrija01,Lady Byng,1984,NHL,,
hedbean01,Masterton,1984,NHL,,
coffepa01,Norris,1984,NHL,,
gretzwa01,Pearson,1984,NHL,,
gretzwa01,Plus-Minus,1984,NHL,,
barrato01,Second Team All-Star,1984,NHL,,G
bossymi01,Second Team All-Star,1984,NHL,,RW
hawerda01,Second Team All-Star,1984,NHL,,C
langwro01,Second Team All-Star,1984,NHL,,D
toneljo01,Second Team All-Star,1984,NHL,,LW
wilsodo01,Second Team All-Star,1984,NHL,,D
ramsacr01,Selke,1984,NHL,,
lindbpe01,Vezina,1984,NHL,,
clarkwe01,All-Rookie,1985,NHL,,LW
dahlikj01,All-Rookie,1985,NHL,,RW
murzyda01,All-Rookie,1985,NHL,,D
ridlemi01,All-Rookie,1985,NHL,,C
roypa01,All-Rookie,1985,NHL,,G
suterga01,All-Rookie,1985,NHL,,D
gretzwa01,Art Ross,1985,NHL,,
suterga01,Calder,1985,NHL,,
roypa01,Conn Smythe,1985,NHL,,
bossymi01,First Team All-Star,1985,NHL,,RW
coffepa01,First Team All-Star,1985,NHL,,D
goulemi01,First Team All-Star,1985,NHL,,LW
gretzwa01,First Team All-Star,1985,NHL,,C
howema01,First Team All-Star,1985,NHL,,D
vanbijo01,First Team All-Star,1985,NHL,,G
gretzwa01,Hart,1985,NHL,,
froesbo01,Jennings,1985,NHL,shared,
jenseda02,Jennings,1985,NHL,shared,
bossymi01,Lady Byng,1985,NHL,,
simmech01,Masterton,1985,NHL,,
coffepa01,Norris,1985,NHL,,
lemiema01,Pearson,1985,NHL,,
howema01,Plus-Minus,1985,NHL,,
bourqra01,Second Team All-Star,1985,NHL,,D
froesbo01,Second Team All-Star,1985,NHL,,G
kurrija01,Second Team All-Star,1985,NHL,,RW
lemiema01,Second Team All-Star,1985,NHL,,C
nasluma01,Second Team All-Star,1985,NHL,,LW
robinla01,Second Team All-Star,1985,NHL,,D
murratr01,Selke,1985,NHL,,
vanbijo01,Vezina,1985,NHL,,
bennibr01,All-Rookie,1986,NHL,,D
carsoji01,All-Rookie,1986,NHL,,C
duchest01,All-Rookie,1986,NHL,,D
hextaro01,All-Rookie,1986,NHL,,G
robitlu01,All-Rookie,1986,NHL,,LW
sandlji01,All-Rookie,1986,NHL,,RW
gretzwa01,Art Ross,1986,NHL,,
robitlu01,Calder,1986,NHL,,
hextaro01,Conn Smythe,1986,NHL,,
bourqra01,First Team All-Star,1986,NHL,,D
goulemi01,First Team All-Star,1986,NHL,,LW
gretzwa01,First Team All-Star,1986,NHL,,C
hextaro01,First Team All-Star,1986,NHL,,G
howema01,First Team All-Star,1986,NHL,,D
kurrija01,First Team All-Star,1986,NHL,,RW
gretzwa01,Hart,1986,NHL,,
haywabr01,Jennings,1986,NHL,shared,
roypa01,Jennings,1986,NHL,shared,
mullejo01,Lady Byng,1986,NHL,,
jarvido01,Masterton,1986,NHL,,
bourqra01,Norris,1986,NHL,,
gretzwa01,Pearson,1986,NHL,,
gretzwa01,Plus-Minus,1986,NHL,,
kerrti01,Second Team All-Star,1986,NHL,,RW
lemiema01,Second Team All-Star,1986,NHL,,C
liutmi01,Second Team All-Star,1986,NHL,,G
macinal01,Second Team All-Star,1986,NHL,,D
murphla01,Second Team All-Star,1986,NHL,,D
robitlu01,Second Team All-Star,1986,NHL,,LW
poulida02,Selke,1986,NHL,,
hextaro01,Vezina,1986,NHL,,
duncaia01,All-Rookie,1987,NHL,,LW
johanca01,All-Rookie,1987,NHL,,D
nieuwjo01,All-Rookie,1987,NHL,,C
pangda01,All-Rookie,1987,NHL,,G
sheppra01,All-Rookie,1987,NHL,,RW
weslegl01,All-Rookie,1987,NHL,,D
lemiema01,Art Ross,1987,NHL,,
nieuwjo01,Calder,1987,NHL,,
gretzwa01,Conn Smythe,1987,NHL,,
bourqra01,First Team All-Star,1987,NHL,,D
fuhrgr01,First Team All-Star,1987,NHL,,G
lemiema01,First Team All-Star,1987,NHL,,C
loobha01,First Team All-Star,1987,NHL,,RW
robitlu01,First Team All-Star,1987,NHL,,LW
stevesc01,First Team All-Star,1987,NHL,,D
lemiema01,Hart,1987,NHL,,
haywabr01,Jennings,1987,NHL,shared,
roypa01,Jennings,1987,NHL,shared,
mcdonla01,King Clancy,1987,NHL,,
nasluma01,Lady Byng,1987,NHL,,
bournbo01,Masterton,1987,NHL,,
bourqra01,Norris,1987,NHL,,
lemiema01,Pearson,1987,NHL,,
mccribr01,Plus-Minus,1987,NHL,,
goulemi01,Second Team All-Star,1987,NHL,,LW
gretzwa01,Second Team All-Star,1987,NHL,,C
mccribr01,Second Team All-Star,1987,NHL,,D
neelyca01,Second Team All-Star,1987,NHL,,RW
roypa01,Second Team All-Star,1987,NHL,,G
suterga01,Second Team All-Star,1987,NHL,,D
carbogu01,Selke,1987,NHL,,
fuhrgr01,Vezina,1987,NHL,,
granato01,All-Rookie,1988,NHL,,RW
leetcbr01,All-Rookie,1988,NHL,,D
lindetr01,All-Rookie,1988,NHL,,C
sidorpe01,All-Rookie,1988,NHL,,G
volekda01,All-Rookie,1988,NHL,,LW
zalapza01,All-Rookie,1988,NHL,,D
lemiema01,Art Ross,1988,NHL,,
leetcbr01,Calder,1988,NHL,,
macinal01,Conn Smythe,1988,NHL,,
chelich01,First Team All-Star,1988,NHL,,D
coffepa01,First Team All-Star,1988,NHL,,D
lemiema01,First Team All-Star,1988,NHL,,C
mullejo01,First Team All-Star,1988,NHL,,RW
robitlu01,First Team All-Star,1988,NHL,,LW
roypa01,First Team All-Star,1988,NHL,,G
gretzwa01,Hart,1988,NHL,,
haywabr01,Jennings,1988,NHL,shared,
roypa01,Jennings,1988,NHL,shared,
trottbr01,King Clancy,1988,NHL,,
mullejo01,Lady Byng,1988,NHL,,
kerrti01,Masterton,1988,NHL,,
chelich01,Norris,1988,NHL,,
yzermst01,Pearson,1988,NHL,,
mullejo01,Plus-Minus,1988,NHL,,
bourqra01,Second Team All-Star,1988,NHL,,D
gallage01,Second Team All-Star,1988,NHL,,LW
gretzwa01,Second Team All-Star,1988,NHL,,C
kurrija01,Second Team All-Star,1988,NHL,,RW
macinal01,Second Team All-Star,1988,NHL,,D
vernomi01,Second Team All-Star,1988,NHL,,G
carbogu01,Selke,1988,NHL,,
roypa01,Vezina,1988,NHL,,
brindro01,All-Rookie,1989,NHL,,LW
essenbo01,All-Rookie,1989,NHL,,G
makarse01,All-Rookie,1989,NHL,,RW
modanmi01,All-Rookie,1989,NHL,,C
shawbr01,All-Rookie,1989,NHL,,D
smithge01,All-Rookie,1989,NHL,,D
gretzwa01,Art Ross,1989,NHL,,
makarse01,Calder,1989,NHL,,
ranfobi01,Conn Smythe,1989,NHL,,
bourqra01,First Team All-Star,1989,NHL,,D
hullbr01,First Team All-Star,1989,NHL,,RW
macinal01,First Team All-Star,1989,NHL,,D
messima01,First Team All-Star,1989,NHL,,C
robitlu01,First Team All-Star,1989,NHL,,LW
roypa01,First Team All-Star,1989,NHL,,G
messima01,Hart,1989,NHL,,
lemelre01,Jennings,1989,NHL,shared,
moogan01,Jennings,1989,NHL,shared,
loweke01,King Clancy,1989,NHL,,
hullbr01,Lady Byng,1989,NHL,,
kluzago01,Masterton,1989,NHL,,
bourqra01,Norris,1989,NHL,,
messima01,Pearson,1989,NHL,,
cavalpa01,Plus-Minus,1989,NHL,,
bellobr01,Second Team All-Star,1989,NHL,,LW
coffepa01,Second Team All-Star,1989,NHL,,D
gretzwa01,Second Team All-Star,1989,NHL,,C
neelyca01,Second Team All-Star,1989,NHL,,RW
puppada01,Second Team All-Star,1989,NHL,,G
wilsodo01,Second Team All-Star,1989,NHL,,D
meaghri01,Selke,1989,NHL,,
roypa01,Vezina,1989,NHL,,
belfoed01,All-Rookie,1990,NHL,,G
blakero01,All-Rookie,1990,NHL,,D
fedorse01,All-Rookie,1990,NHL,,C
hodgeke02,All-Rookie,1990,NHL,,RW
jagrja01,All-Rookie,1990,NHL,,LW
weinrer01,All-Rookie,1990,NHL,,D
gretzwa01,Art Ross,1990,NHL,,
belfoed01,Calder,1990,NHL,,
lemiema01,Conn Smythe,1990,NHL,,
belfoed01,First Team All-Star,1990,NHL,,G
bourqra01,First Team All-Star,1990,NHL,,D
gretzwa01,First Team All-Star,1990,NHL,,C
hullbr01,First Team All-Star,1990,NHL,,RW
macinal01,First Team All-Star,1990,NHL,,D
robitlu01,First Team All-Star,1990,NHL,,LW
hullbr01,Hart,1990,NHL,,
belfoed01,Jennings,1990,NHL,,
tayloda01,King Clancy,1990,NHL,,
gretzwa01,Lady Byng,1990,NHL,,
tayloda01,Masterton,1990,NHL,,
bourqra01,Norris,1990,NHL,,
hullbr01,Pearson,1990,NHL,,
fleurth01,Plus-Minus,1990,NHL,tie,
mcsorma01,Plus-Minus,1990,NHL,tie,
chelich01,Second Team All-Star,1990,NHL,,D
leetcbr01,Second Team All-Star,1990,NHL,,D
neelyca01,Second Team All-Star,1990,NHL,,RW
oatesad01,Second Team All-Star,1990,NHL,,C
roypa01,Second Team All-Star,1990,NHL,,G
steveke01,Second Team All-Star,1990,NHL,,LW
grahadi01,Selke,1990,NHL,,
belfoed01,Vezina,1990,NHL,,
amontto01,All-Rookie,1991,NHL,,RW
dionngi01,All-Rookie,1991,NHL,,LW
hasekdo01,All-Rookie,1991,NHL,,G
konstvl01,All-Rookie,1991,NHL,,D
lidstni01,All-Rookie,1991,NHL,,D
toddke01,All-Rookie,1991,NHL,,C
lemiema01,Art Ross,1991,NHL,,
burepa01,Calder,1991,NHL,,
lemiema01,Conn Smythe,1991,NHL,,
bourqra01,First Team All-Star,1991,NHL,,D
hullbr01,First Team All-Star,1991,NHL,,RW
leetcbr01,First Team All-Star,1991,NHL,,D
messima01,First Team All-Star,1991,NHL,,C
roypa01,First Team All-Star,1991,NHL,,G
steveke01,First Team All-Star,1991,NHL,,LW
messima01,Hart,1991,NHL,,
roypa01,Jennings,1991,NHL,,
bourqra01,King Clancy,1991,NHL,,
gretzwa01,Lady Byng,1991,NHL,,
fitzpma01,Masterton,1991,NHL,,
leetcbr01,Norris,1991,NHL,,
messima01,Pearson,1991,NHL,,
ysebapa01,Plus-Minus,1991,NHL,,
houslph01,Second Team All-Star,1991,NHL,,D
lemiema01,Second Team All-Star,1991,NHL,,C
mcleaki01,Second Team All-Star,1991,NHL,,G
recchma01,Second Team All-Star,1991,NHL,,RW
robitlu01,Second Team All-Star,1991,NHL,,LW
stevesc01,Second Team All-Star,1991,NHL,,D
carbogu01,Selke,1991,NHL,,
roypa01,Vezina,1991,NHL,,
juneajo01,All-Rookie,1992,NHL,,LW
lindrer01,All-Rookie,1992,NHL,,C
malakvl01,All-Rookie,1992,NHL,,D
niedesc01,All-Rookie,1992,NHL,,D
potvife01,All-Rookie,1992,NHL,,G
selante01,All-Rookie,1992,NHL,,RW
lemiema01,Art Ross,1992,NHL,,
selante01,Calder,1992,NHL,,
roypa01,Conn Smythe,1992,NHL,,
belfoed01,First Team All-Star,1992,NHL,,G
bourqra01,First Team All-Star,1992,NHL,,D
chelich01,First Team All-Star,1992,NHL,,D
lemiema01,First Team All-Star,1992,NHL,,C
robitlu01,First Team All-Star,1992,NHL,,LW
selante01,First Team All-Star,1992,NHL,,RW
lemiema01,Hart,1992,NHL,,
belfoed01,Jennings,1992,NHL,,
poulida02,King Clancy,1992,NHL,,
turgepi01,Lady Byng,1992,NHL,,
lemiema01,Masterton,1992,NHL,,
chelich01,Norris,1992,NHL,,
lemiema01,Pearson,1992,NHL,,
lemiema01,Plus-Minus,1992,NHL,,
barrato01,Second Team All-Star,1992,NHL,,G
iafraal01,Second Team All-Star,1992,NHL,,D
lafonpa01,Second Team All-Star,1992,NHL,,C
mogilal01,Second Team All-Star,1992,NHL,,RW
murphla01,Second Team All-Star,1992,NHL,,D
steveke01,Second Team All-Star,1992,NHL,,LW
gilmodo01,Selke,1992,NHL,,
belfoed01,Vezina,1992,NHL,,
arnotja01,All-Rookie,1993,NHL,,C
brodema01,All-Rookie,1993,NHL,,G
mironbo01,All-Rookie,1993,NHL,,D
petrool01,All-Rookie,1993,NHL,,W
prongch01,All-Rookie,1993,NHL,,D
renbemi01,All-Rookie,1993,NHL,,W
gretzwa01,Art Ross,1993,NHL,,
brodema01,Calder,1993,NHL,,
leetcbr01,Conn Smythe,1993,NHL,,
bourqra01,First Team All-Star,1993,NHL,,D
burepa01,First Team All-Star,1993,NHL,,RW
fedorse01,First Team All-Star,1993,NHL,,C
hasekdo01,First Team All-Star,1993,NHL,,G
shanabr01,First Team All-Star,1993,NHL,,LW
stevesc01,First Team All-Star,1993,NHL,,D
fedorse01,Hart,1993,NHL,,
fuhrgr01,Jennings,1993,NHL,shared,
hasekdo01,Jennings,1993,NHL,shared,
gravead01,King Clancy,1993,NHL,,
gretzwa01,Lady Byng,1993,NHL,,
neelyca01,Masterton,1993,NHL,,
bourqra01,Norris,1993,NHL,,
fedorse01,Pearson,1993,NHL,,
stevesc01,Plus-Minus,1993,NHL,,
gravead01,Second Team All-Star,1993,NHL,,LW
gretzwa01,Second Team All-Star,1993,NHL,,C
leetcbr01,Second Team All-Star,1993,NHL,,D
macinal01,Second Team All-Star,1993,NHL,,D
neelyca01,Second Team All-Star,1993,NHL,,RW
vanbijo01,Second Team All-Star,1993,NHL,,G
fedorse01,Selke,1993,NHL,,
hasekdo01,Vezina,1993,NHL,,
careyji01,All-Rookie,1994,NHL,,G
forsbpe01,All-Rookie,1994,NHL,,F
friesje01,All-Rookie,1994,NHL,,F
jonsske01,All-Rookie,1994,NHL,,D
kariypa01,All-Rookie,1994,NHL,,F
therich01,All-Rookie,1994,NHL,,D
jagrja01,Art Ross,1994,NHL,,
forsbpe01,Calder,1994,NHL,,
lemiecl01,Conn Smythe,1994,NHL,,
chelich01,First Team All-Star,1994,NHL,,D
coffepa01,First Team All-Star,1994,NHL,,D
hasekdo01,First Team All-Star,1994,NHL,,G
jagrja01,First Team All-Star,1994,NHL,,RW
leclajo01,First Team All-Star,1994,NHL,,LW
lindrer01,First Team All-Star,1994,NHL,,C
lindrer01,Hart,1994,NHL,,
belfoed01,Jennings,1994,NHL,,
nieuwjo01,King Clancy,1994,NHL,,
francro01,Lady Byng,1994,NHL,,
lafonpa01,Masterton,1994,NHL,,
coffepa01,Norris,1994,NHL,,
lindrer01,Pearson,1994,NHL,,
francro01,Plus-Minus,1994,NHL,,
belfoed01,Second Team All-Star,1994,NHL,,G
bourqra01,Second Team All-Star,1994,NHL,,D
fleurth01,Second Team All-Star,1994,NHL,,RW
murphla01,Second Team All-Star,1994,NHL,,D
tkachke01,Second Team All-Star,1994,NHL,,LW
zhamnal01,Second Team All-Star,1994,NHL,,C
francro01,Selke,1994,NHL,,
hasekdo01,Vezina,1994,NHL,,
alfreda01,All-Rookie,1995,NHL,,F
dazeer01,All-Rookie,1995,NHL,,F
hirscco01,All-Rookie,1995,NHL,,G
jovaned01,All-Rookie,1995,NHL,,D
mclarky01,All-Rookie,1995,NHL,,D
sykorpe01,All-Rookie,1995,NHL,,F
lemiema01,Art Ross,1995,NHL,,
alfreda01,Calder,1995,NHL,,
sakicjo01,Conn Smythe,1995,NHL,,
bourqra01,First Team All-Star,1995,NHL,,D
careyji01,First Team All-Star,1995,NHL,,G
chelich01,First Team All-Star,1995,NHL,,D
jagrja01,First Team All-Star,1995,NHL,,RW
kariypa01,First Team All-Star,1995,NHL,,LW
lemiema01,First Team All-Star,1995,NHL,,C
lemiema01,Hart,1995,NHL,,
osgooch01,Jennings,1995,NHL,shared,
vernomi01,Jennings,1995,NHL,shared,
kingkr01,King Clancy,1995,NHL,,
kariypa01,Lady Byng,1995,NHL,,
roberga01,Masterton,1995,NHL,,
chelich01,Norris,1995,NHL,,
lemiema01,Pearson,1995,NHL,,
konstvl01,Plus-Minus,1995,NHL,,
konstvl01,Second Team All-Star,1995,NHL,,D
leclajo01,Second Team All-Star,1995,NHL,,LW
leetcbr01,Second Team All-Star,1995,NHL,,D
lindrer01,Second Team All-Star,1995,NHL,,C
mogilal01,Second Team All-Star,1995,NHL,,RW
osgooch01,Second Team All-Star,1995,NHL,,G
fedorse01,Selke,1995,NHL,,
careyji01,Vezina,1995,NHL,,
berarbr01,All-Rookie,1996,NHL,,D
berezse01,All-Rookie,1996,NHL,,F
campbji01,All-Rookie,1996,NHL,,F
iginlja01,All-Rookie,1996,NHL,,F
lalimpa01,All-Rookie,1996,NHL,,G
niinija01,All-Rookie,1996,NHL,,D
lemiema01,Art Ross,1996,NHL,,
berarbr01,Calder,1996,NHL,,
vernomi01,Conn Smythe,1996,NHL,,
hasekdo01,First Team All-Star,1996,NHL,,G
kariypa01,First Team All-Star,1996,NHL,,LW
leetcbr01,First Team All-Star,1996,NHL,,D
lemiema01,First Team All-Star,1996,NHL,,C
ozolisa01,First Team All-Star,1996,NHL,,D
selante01,First Team All-Star,1996,NHL,,RW
hasekdo01,Hart,1996,NHL,,
brodema01,Jennings,1996,NHL,shared,
dunhami01,Jennings,1996,NHL,shared,
lindetr01,King Clancy,1996,NHL,,
kariypa01,Lady Byng,1996,NHL,,
granato01,Masterton,1996,NHL,,
leetcbr01,Norris,1996,NHL,,
hasekdo01,Pearson,1996,NHL,,
leclajo01,Plus-Minus,1996,NHL,,
brodema01,Second Team All-Star,1996,NHL,,G
chelich01,Second Team All-Star,1996,NHL,,D
gretzwa01,Second Team All-Star,1996,NHL,,C
jagrja01,Second Team All-Star,1996,NHL,,RW
leclajo01,Second Team All-Star,1996,NHL,,LW
stevesc01,Second Team All-Star,1996,NHL,,D
pecami01,Selke,1996,NHL,,
hasekdo01,Vezina,1996,NHL,,
eliaspa01,All-Rookie,1997,NHL,,F
johnsmi01,All-Rookie,1997,NHL,,F
morride01,All-Rookie,1997,NHL,,D
ohlunma01,All-Rookie,1997,NHL,,D
samsose01,All-Rookie,1997,NHL,,F
storrja01,All-Rookie,1997,NHL,,G
jagrja01,Art Ross,1997,NHL,,
samsose01,Calder,1997,NHL,,
yzermst01,Conn Smythe,1997,NHL,,
blakero01,First Team All-Star,1997,NHL,,D
forsbpe01,First Team All-Star,1997,NHL,,C
hasekdo01,First Team All-Star,1997,NHL,,G
jagrja01,First Team All-Star,1997,NHL,,RW
leclajo01,First Team All-Star,1997,NHL,,LW
lidstni01,First Team All-Star,1997,NHL,,D
hasekdo01,Hart,1997,NHL,,
brodema01,Jennings,1997,NHL,,
chaseke01,King Clancy,1997,NHL,,
francro01,Lady Byng,1997,NHL,,
mclenja01,Masterton,1997,NHL,,
blakero01,Norris,1997,NHL,,
hasekdo01,Pearson,1997,NHL,,
prongch01,Plus-Minus,1997,NHL,,
brodema01,Second Team All-Star,1997,NHL,,G
gretzwa01,Second Team All-Star,1997,NHL,,C
niedesc01,Second Team All-Star,1997,NHL,,D
prongch01,Second Team All-Star,1997,NHL,,D
selante01,Second Team All-Star,1997,NHL,,RW
tkachke01,Second Team All-Star,1997,NHL,,LW
lehtije01,Selke,1997,NHL,,
hasekdo01,Vezina,1997,NHL,,
drurych01,All-Rookie,1998,NHL,,F
hejdumi01,All-Rookie,1998,NHL,,F
hossama01,All-Rookie,1998,NHL,,F
potito01,All-Rookie,1998,NHL,,D
salosa01,All-Rookie,1998,NHL,,D
storrja01,All-Rookie,1998,NHL,,G
jagrja01,Art Ross,1998,NHL,,
drurych01,Calder,1998,NHL,,
nieuwjo01,Conn Smythe,1998,NHL,,
forsbpe01,First Team All-Star,1998,NHL,,C
hasekdo01,First Team All-Star,1998,NHL,,G
jagrja01,First Team All-Star,1998,NHL,,RW
kariypa01,First Team All-Star,1998,NHL,,LW
lidstni01,First Team All-Star,1998,NHL,,D
macinal01,First Team All-Star,1998,NHL,,D
jagrja01,Hart,1998,NHL,,
belfoed01,Jennings,1998,NHL,shared,
turekro01,Jennings,1998,NHL,shared,
rayro01,King Clancy,1998,NHL,,
gretzwa01,Lady Byng,1998,NHL,,
cullejo01,Masterton,1998,NHL,,
macinal01,Norris,1998,NHL,,
jagrja01,Pearson,1998,NHL,,
leclajo01,Plus-Minus,1998,NHL,,
selante01,Richard,1998,NHL,,
bourqra01,Second Team All-Star,1998,NHL,,D
dafoeby01,Second Team All-Star,1998,NHL,,G
desjaer01,Second Team All-Star,1998,NHL,,D
leclajo01,Second Team All-Star,1998,NHL,,LW
selante01,Second Team All-Star,1998,NHL,,RW
yashial01,Second Team All-Star,1998,NHL,,C
lehtije01,Selke,1998,NHL,,
hasekdo01,Vezina,1998,NHL,,
bouchbr01,All-Rookie,1999,NHL,,G
gagnesi01,All-Rookie,1999,NHL,,F
gomezsc01,All-Rookie,1999,NHL,,F
rafalbr01,All-Rookie,1999,NHL,,D
stuarbr01,All-Rookie,1999,NHL,,D
yorkmi01,All-Rookie,1999,NHL,,F
jagrja01,Art Ross,1999,NHL,,
gomezsc01,Calder,1999,NHL,,
stevesc01,Conn Smythe,1999,NHL,,
belfoed01,Crozier,1999,NHL,,
jagrja01,First Team All-Star,1999,NHL,,RW
kolziol01,First Team All-Star,1999,NHL,,G
lidstni01,First Team All-Star,1999,NHL,,D
prongch01,First Team All-Star,1999,NHL,,D
shanabr01,First Team All-Star,1999,NHL,,LW
yzermst01,First Team All-Star,1999,NHL,,C
prongch01,Hart,1999,NHL,,
turekro01,Jennings,1999,NHL,,
josepcu01,King Clancy,1999,NHL,,
demitpa01,Lady Byng,1999,NHL,,
daneyke01,Masterton,1999,NHL,,
prongch01,Norris,1999,NHL,,
jagrja01,Pearson,1999,NHL,,
prongch01,Plus-Minus,1999,NHL,,
burepa01,Richard,1999,NHL,,
blakero01,Second Team All-Star,1999,NHL,,D
burepa01,Second Team All-Star,1999,NHL,,RW
desjaer01,Second Team All-Star,1999,NHL,,D
kariypa01,Second Team All-Star,1999,NHL,,LW
modanmi01,Second Team All-Star,1999,NHL,,C
turekro01,Second Team All-Star,1999,NHL,,G
yzermst01,Selke,1999,NHL,,
kolziol01,Vezina,1999,NHL,,
havlama01,All-Rookie,2000,NHL,,F
nabokev01,All-Rookie,2000,NHL,,G
richabr01,All-Rookie,2000,NHL,,F
visnolu01,All-Rookie,2000,NHL,,D
whiteco01,All-Rookie,2000,NHL,,D
willish01,All-Rookie,2000,NHL,,F
jagrja01,Art Ross,2000,NHL,,
nabokev01,Calder,2000,NHL,,
roypa01,Conn Smythe,2000,NHL,,
turcoma01,Crozier,2000,NHL,,
bourqra01,First Team All-Star,2000,NHL,,D
eliaspa01,First Team All-Star,2000,NHL,,LW
hasekdo01,First Team All-Star,2000,NHL,,G
jagrja01,First Team All-Star,2000,NHL,,RW
lidstni01,First Team All-Star,2000,NHL,,D
sakicjo01,First Team All-Star,2000,NHL,,C
sakicjo01,Hart,2000,NHL,,
hasekdo01,Jennings,2000,NHL,,
podeish01,King Clancy,2000,NHL,,
sakicjo01,Lady Byng,2000,NHL,,
gravead01,Masterton,2000,NHL,,
lidstni01,Norris,2000,NHL,,
sakicjo01,Pearson,2000,NHL,,
eliaspa01,Plus-Minus,2000,NHL,tie,
sakicjo01,Plus-Minus,2000,NHL,tie,
burepa01,Richard,2000,NHL,,
blakero01,Second Team All-Star,2000,NHL,,D
burepa01,Second Team All-Star,2000,NHL,,RW
cechmro01,Second Team All-Star,2000,NHL,,G
lemiema01,Second Team All-Star,2000,NHL,,C
robitlu01,Second Team All-Star,2000,NHL,,LW
stevesc01,Second Team All-Star,2000,NHL,,D
maddejo01,Selke,2000,NHL,,
hasekdo01,Vezina,2000,NHL,,
blackda01,All-Rookie,2001,NHL,,G
boyntni01,All-Rookie,2001,NHL,,D
heatlda01,All-Rookie,2001,NHL,,F
huselkr01,All-Rookie,2001,NHL,,F
kleslro01,All-Rookie,2001,NHL,,D
kovalil01,All-Rookie,2001,NHL,,F
iginlja01,Art Ross,2001,NHL,,
heatlda01,Calder,2001,NHL,,
lidstni01,Conn Smythe,2001,NHL,,
theodjo01,Crozier,2001,NHL,,
chelich01,First Team All-Star,2001,NHL,,D
iginlja01,First Team All-Star,2001,NHL,,RW
lidstni01,First Team All-Star,2001,NHL,,D
nasluma02,First Team All-Star,2001,NHL,,LW
roypa01,First Team All-Star,2001,NHL,,G
sakicjo01,First Team All-Star,2001,NHL,,C
theodjo01,Hart,2001,NHL,,
roypa01,Jennings,2001,NHL,,
francro01,King Clancy,2001,NHL,,
francro01,Lady Byng,2001,NHL,,
koivusa01,Masterton,2001,NHL,,
lidstni01,Norris,2001,NHL,,
iginlja01,Pearson,2001,NHL,,
chelich01,Plus-Minus,2001,NHL,,
iginlja01,Richard,2001,NHL,,
blakero01,Second Team All-Star,2001,NHL,,D
gonchse01,Second Team All-Star,2001,NHL,,D
gueribi01,Second Team All-Star,2001,NHL,,RW
shanabr01,Second Team All-Star,2001,NHL,,LW
sundima01,Second Team All-Star,2001,NHL,,C
theodjo01,Second Team All-Star,2001,NHL,,G
pecami01,Selke,2001,NHL,,
theodjo01,Vezina,2001,NHL,,
arnasty01,All-Rookie,2002,NHL,,F
bouwmja01,All-Rookie,2002,NHL,,D
caronse01,All-Rookie,2002,NHL,,G
jackmba01,All-Rookie,2002,NHL,,D
nashri01,All-Rookie,2002,NHL,,F
zettehe01,All-Rookie,2002,NHL,,F
forsbpe01,Art Ross,2002,NHL,,
jackmba01,Calder,2002,NHL,,
gigueje01,Conn Smythe,2002,NHL,,
turcoma01,Crozier,2002,NHL,,
bertuto01,First Team All-Star,2002,NHL,,RW
brodema01,First Team All-Star,2002,NHL,,G
forsbpe01,First Team All-Star,2002,NHL,,C
lidstni01,First Team All-Star,2002,NHL,,D
macinal01,First Team All-Star,2002,NHL,,D
nasluma02,First Team All-Star,2002,NHL,,LW
forsbpe01,Hart,2002,NHL,,
brodema01,Jennings,2002,NHL,shared,
cechmro01,Jennings,2002,NHL,shared,
eschero01,Jennings,2002,NHL,shared,
shanabr01,King Clancy,2002,NHL,,
mogilal01,Lady Byng,2002,NHL,,
yzermst01,Masterton,2002,NHL,,
lidstni01,Norris,2002,NHL,,
nasluma02,Pearson,2002,NHL,,
forsbpe01,Plus-Minus,2002,NHL,tie,
hejdumi01,Plus-Minus,2002,NHL,tie,
hejdumi01,Richard,2002,NHL,,
gonchse01,Second Team All-Star,2002,NHL,,D
hatchde01,Second Team All-Star,2002,NHL,,D
hejdumi01,Second Team All-Star,2002,NHL,,RW
kariypa01,Second Team All-Star,2002,NHL,,LW
thornjo01,Second Team All-Star,2002,NHL,,C
turcoma01,Second Team All-Star,2002,NHL,,G
lehtije01,Selke,2002,NHL,,
brodema01,Vezina,2002,NHL,,
huntetr01,All-Rookie,2003,NHL,,F
lilesjo01,All-Rookie,2003,NHL,,D
malonry01,All-Rookie,2003,NHL,,F
pitkajo01,All-Rookie,2003,NHL,,D
raycran01,All-Rookie,2003,NHL,,G
rydermi01,All-Rookie,2003,NHL,,F
stlouma01,Art Ross,2003,NHL,,
raycran01,Calder,2003,NHL,,
richabr01,Conn Smythe,2003,NHL,,
rolosdw01,Crozier,2003,NHL,,
brodema01,First Team All-Star,2003,NHL,,G
charazd01,First Team All-Star,2003,NHL,,D
nasluma02,First Team All-Star,2003,NHL,,LW
niedesc01,First Team All-Star,2003,NHL,,D
sakicjo01,First Team All-Star,2003,NHL,,C
stlouma01,First Team All-Star,2003,NHL,,RW
stlouma01,Hart,2003,NHL,,
brodema01,Jennings,2003,NHL,,
iginlja01,King Clancy,2003,NHL,,
richabr01,Lady Byng,2003,NHL,,
berarbr01,Masterton,2003,NHL,,
niedesc01,Norris,2003,NHL,,
stlouma01,Pearson,2003,NHL,,
malikma01,Plus-Minus,2003,NHL,tie,
stlouma01,Plus-Minus,2003,NHL,tie,
iginlja01,Richard,2003,NHL,shared,
kovalil01,Richard,2003,NHL,shared,
nashri01,Richard,2003,NHL,shared,
iginlja01,Second Team All-Star,2003,NHL,,RW
kovalil01,Second Team All-Star,2003,NHL,,LW
luongro01,Second Team All-Star,2003,NHL,,G
mccabbr01,Second Team All-Star,2003,NHL,,D
prongch01,Second Team All-Star,2003,NHL,,D
sundima01,Second Team All-Star,2003,NHL,,C
drapekr01,Selke,2003,NHL,,
brodema01,Vezina,2003,NHL,,
boyesbr01,All-Rookie,2005,NHL,,F
crosbsi01,All-Rookie,2005,NHL,,F
lundqhe01,All-Rookie,2005,NHL,,G
meszaan01,All-Rookie,2005,NHL,,D
ovechal01,All-Rookie,2005,NHL,,F
phanedi01,All-Rookie,2005,NHL,,D
thornjo01,Art Ross,2005,NHL,,
ovechal01,Calder,2005,NHL,,
wardca01,Conn Smythe,2005,NHL,,
huetcr01,Crozier,2005,NHL,,
jagrja01,First Team All-Star,2005,NHL,,RW
kiprumi01,First Team All-Star,2005,NHL,,G
lidstni01,First Team All-Star,2005,NHL,,D
niedesc01,First Team All-Star,2005,NHL,,D
ovechal01,First Team All-Star,2005,NHL,,LW
thornjo01,First Team All-Star,2005,NHL,,C
thornjo01,Hart,2005,NHL,,
kiprumi01,Jennings,2005,NHL,,
kolziol01,King Clancy,2005,NHL,,
datsypa01,Lady Byng,2005,NHL,,
selante01,Masterton,2005,NHL,,
lidstni01,Norris,2005,NHL,,
jagrja01,Pearson,2005,NHL,,
reddewa01,Plus-Minus,2005,NHL,tie,
rozsimi01,Plus-Minus,2005,NHL,tie,
cheecjo01,Richard,2005,NHL,,
alfreda01,Second Team All-Star,2005,NHL,,RW
brodema01,Second Team All-Star,2005,NHL,,G
charazd01,Second Team All-Star,2005,NHL,,D
heatlda01,Second Team All-Star,2005,NHL,,LW
staaler01,Second Team All-Star,2005,NHL,,C
zubovse01,Second Team All-Star,2005,NHL,,D
brindro01,Selke,2005,NHL,,
kiprumi01,Vezina,2005,NHL,,
carlema01,All-Rookie,2006,NHL,,D
malkiev01,All-Rookie,2006,NHL,,F
smithmi02,All-Rookie,2006,NHL,,G
staaljo01,All-Rookie,2006,NHL,,F
stastpa01,All-Rookie,2006,NHL,,F
vlasima01,All-Rookie,2006,NHL,,D
crosbsi01,Art Ross,2006,NHL,,
malkiev01,Calder,2006,NHL,,
niedesc01,Conn Smythe,2006,NHL,,
backsni01,Crozier,2006,NHL,,
brodema01,First Team All-Star,2006,NHL,,G
crosbsi01,First Team All-Star,2006,NHL,,C
heatlda01,First Team All-Star,2006,NHL,,RW
lidstni01,First Team All-Star,2006,NHL,,D
niedesc01,First Team All-Star,2006,NHL,,D
ovechal01,First Team All-Star,2006,NHL,,LW
crosbsi01,Hart,2006,NHL,,
backsni01,Jennings,2006,NHL,shared,
fernama01,Jennings,2006,NHL,shared,
koivusa01,King Clancy,2006,NHL,,
datsypa01,Lady Byng,2006,NHL,,
kesseph01,Masterton,2006,NHL,,
chelich01,Messier,2006,NHL,,
lidstni01,Norris,2006,NHL,,
crosbsi01,Pearson,2006,NHL,,
vanekth01,Plus-Minus,2006,NHL,,
lecavvi01,Richard,2006,NHL,,
boyleda01,Second Team All-Star,2006,NHL,,D
lecavvi01,Second Team All-Star,2006,NHL,,C
luongro01,Second Team All-Star,2006,NHL,,G
prongch01,Second Team All-Star,2006,NHL,,D
stlouma01,Second Team All-Star,2006,NHL,,RW
vanekth01,Second Team All-Star,2006,NHL,,LW
brindro01,Selke,2006,NHL,,
brodema01,Vezina,2006,NHL,,
backsni02,All-Rookie,2007,NHL,,F
enstrto01,All-Rookie,2007,NHL,,D
gilbeto01,All-Rookie,2007,NHL,,D
kanepa01,All-Rookie,2007,NHL,,F
priceca01,All-Rookie,2007,NHL,,G
toewsjo01,All-Rookie,2007,NHL,,F
ovechal01,Art Ross,2007,NHL,,
kanepa01,Calder,2007,NHL,,
zettehe01,Conn Smythe,2007,NHL,,
ellisda01,Crozier,2007,NHL,,
iginlja01,First Team All-Star,2007,NHL,,RW
lidstni01,First Team All-Star,2007,NHL,,D
malkiev01,First Team All-Star,2007,NHL,,C
nabokev01,First Team All-Star,2007,NHL,,G
ovechal01,First Team All-Star,2007,NHL,,LW
phanedi01,First Team All-Star,2007,NHL,,D
ovechal01,Hart,2007,NHL,,
hasekdo01,Jennings,2007,NHL,shared,
osgooch01,Jennings,2007,NHL,shared,
lecavvi01,King Clancy,2007,NHL,,
datsypa01,Lady Byng,2007,NHL,,
blakeja01,Masterton,2007,NHL,,
sundima01,Messier,2007,NHL,,
lidstni01,Norris,2007,NHL,,
ovechal01,Pearson,2007,NHL,,
datsypa01,Plus-Minus,2007,NHL,,
ovechal01,Richard,2007,NHL,,
brodema01,Second Team All-Star,2007,NHL,,G
campbbr02,Second Team All-Star,2007,NHL,,D
charazd01,Second Team All-Star,2007,NHL,,D
kovalal01,Second Team All-Star,2007,NHL,,RW
thornjo01,Second Team All-Star,2007,NHL,,C
zettehe01,Second Team All-Star,2007,NHL,,LW
datsypa01,Selke,2007,NHL,,
brodema01,Vezina,2007,NHL,,
berglpa01,All-Rookie,2008,NHL,,F
doughdr01,All-Rookie,2008,NHL,,D
masonst01,All-Rookie,2008,NHL,,G
ryanbo01,All-Rookie,2008,NHL,,F
schenlu01,All-Rookie,2008,NHL,,D
verstkr01,All-Rookie,2008,NHL,,F
malkiev01,Art Ross,2008,NHL,,
masonst01,Calder,2008,NHL,,
malkiev01,Conn Smythe,2008,NHL,,
thomati01,Crozier,2008,NHL,,
charazd01,First Team All-Star,2008,NHL,,D
greenmi03,First Team All-Star,2008,NHL,,D
iginlja01,First Team All-Star,2008,NHL,,RW
malkiev01,First Team All-Star,2008,NHL,,C
ovechal01,First Team All-Star,2008,NHL,,LW
thomati01,First Team All-Star,2008,NHL,,G
ovechal01,Hart,2008,NHL,,
fernama01,Jennings,2008,NHL,shared,
thomati01,Jennings,2008,NHL,shared,
moreaet01,King Clancy,2008,NHL,,
datsypa01,Lady Byng,2008,NHL,,
sullist01,Masterton,2008,NHL,,
iginlja01,Messier,2008,NHL,,
charazd01,Norris,2008,NHL,,
ovechal01,Pearson,2008,NHL,,
krejcda01,Plus-Minus,2008,NHL,,
ovechal01,Richard,2008,NHL,,
boyleda01,Second Team All-Star,2008,NHL,,D
datsypa01,Second Team All-Star,2008,NHL,,C
hossama01,Second Team All-Star,2008,NHL,,RW
lidstni01,Second Team All-Star,2008,NHL,,D
masonst01,Second Team All-Star,2008,NHL,,G
parisza01,Second Team All-Star,2008,NHL,,LW
datsypa01,Selke,2008,NHL,,
thomati01,Vezina,2008,NHL,,
bergfni01,All-Rookie,2009,NHL,,F
delzomi01,All-Rookie,2009,NHL,,D
duchema01,All-Rookie,2009,NHL,,F
howarji01,All-Rookie,2009,NHL,,G
myersty01,All-Rookie,2009,NHL,,D
tavarjo01,All-Rookie,2009,NHL,,F
sedinhe01,Art Ross,2009,NHL,,
myersty01,Calder,2009,NHL,,
toewsjo01,Conn Smythe,2009,NHL,,
rasktu01,Crozier,2009,NHL,,
greenmi03,First Team All-Star,2009,NHL,,D
kanepa01,First Team All-Star,2009,NHL,,RW
keithdu01,First Team All-Star,2009,NHL,,D
millery01,First Team All-Star,2009,NHL,,G
ovechal01,First Team All-Star,2009,NHL,,LW
sedinhe01,First Team All-Star,2009,NHL,,C
sedinhe01,Hart,2009,NHL,,
brodema01,Jennings,2009,NHL,,
doansh01,King Clancy,2009,NHL,,
stlouma01,Lady Byng,2009,NHL,,
ovechal01,Lindsay,2009,NHL,,
theodjo01,Masterton,2009,NHL,,
crosbsi01,Messier,2009,NHL,,
keithdu01,Norris,2009,NHL,,
schulje02,Plus-Minus,2009,NHL,,
crosbsi01,Richard,2009,NHL,shared,
stamkst01,Richard,2009,NHL,shared,
bryzgil01,Second Team All-Star,2009,NHL,,G
crosbsi01,Second Team All-Star,2009,NHL,,C
doughdr01,Second Team All-Star,2009,NHL,,D
lidstni01,Second Team All-Star,2009,NHL,,D
sedinda01,Second Team All-Star,2009,NHL,,LW
stlouma01,Second Team All-Star,2009,NHL,,RW
datsypa01,Selke,2009,NHL,,
millery01,Vezina,2009,NHL,,
carlsjo01,All-Rookie,2010,NHL,,D
coutulo01,All-Rookie,2010,NHL,,F
crawfco01,All-Rookie,2010,NHL,,G
grabnmi01,All-Rookie,2010,NHL,,F
skinnje01,All-Rookie,2010,NHL,,F
subbapk01,All-Rookie,2010,NHL,,D
sedinda01,Art Ross,2010,NHL,,
skinnje01,Calder,2010,NHL,,
thomati01,Conn Smythe,2010,NHL,,
thomati01,Crozier,2010,NHL,,
lidstni01,First Team All-Star,2010,NHL,,D
perryco01,First Team All-Star,2010,NHL,,RW
sedinda01,First Team All-Star,2010,NHL,,LW
sedinhe01,First Team All-Star,2010,NHL,,C
thomati01,First Team All-Star,2010,NHL,,G
webersh01,First Team All-Star,2010,NHL,,D
perryco01,Hart,2010,NHL,,
luongro01,Jennings,2010,NHL,shared,
schneco01,Jennings,2010,NHL,shared,
weighdo01,King Clancy,2010,NHL,,
stlouma01,Lady Byng,2010,NHL,,
sedinda01,Lindsay,2010,NHL,,
laperia01,Masterton,2010,NHL,,
charazd01,Messier,2010,NHL,,
lidstni01,Norris,2010,NHL,,
charazd01,Plus-Minus,2010,NHL,,
perryco01,Richard,2010,NHL,,
charazd01,Second Team All-Star,2010,NHL,,D
ovechal01,Second Team All-Star,2010,NHL,,LW
rinnepe01,Second Team All-Star,2010,NHL,,G
stamkst01,Second Team All-Star,2010,NHL,,C
stlouma01,Second Team All-Star,2010,NHL,,RW
visnolu01,Second Team All-Star,2010,NHL,,D
keslery01,Selke,2010,NHL,,
thomati01,Vezina,2010,NHL,,
enrotjh01,All-Rookie,2011,NHL,,G
faulkju01,All-Rookie,2011,NHL,,D
gardija01,All-Rookie,2011,NHL,,D
henriad01,All-Rookie,2011,NHL,,F
landega01,All-Rookie,2011,NHL,,F
nugenry01,All-Rookie,2011,NHL,,F
malkiev01,Art Ross,2011,NHL,,
landega01,Calder,2011,NHL,,
quickjo01,Conn Smythe,2011,NHL,,
elliobr01,Crozier,2011,NHL,,
karlser01,First Team All-Star,2011,NHL,,D
kovalil01,First Team All-Star,2011,NHL,,LW
lundqhe01,First Team All-Star,2011,NHL,,G
malkiev01,First Team All-Star,2011,NHL,,C
nealja01,First Team All-Star,2011,NHL,,RW
webersh01,First Team All-Star,2011,NHL,,D
malkiev01,Hart,2011,NHL,,
elliobr01,Jennings,2011,NHL,shared,
halakja01,Jennings,2011,NHL,shared,
alfreda01,King Clancy,2011,NHL,,
campbbr02,Lady Byng,2011,NHL,,
malkiev01,Lindsay,2011,NHL,,
pacioma01,Masterton,2011,NHL,,
doansh01,Messier,2011,NHL,,
karlser01,Norris,2011,NHL,,
bergepa01,Plus-Minus,2011,NHL,,
stamkst01,Richard,2011,NHL,,
charazd01,Second Team All-Star,2011,NHL,,D
gaborma01,Second Team All-Star,2011,NHL,,RW
pietral01,Second Team All-Star,2011,NHL,,D
quickjo01,Second Team All-Star,2011,NHL,,G
stamkst01,Second Team All-Star,2011,NHL,,C
whitnra01,Second Team All-Star,2011,NHL,,LW
bergepa01,Selke,2011,NHL,,
lundqhe01,Vezina,2011,NHL,,
hullbo01,Davidson,1972,WHA,MVP,
hampste01,Deneau,1972,WHA,Most Gentlemanly,
cheevge01,First Team All-Star,1972,WHA,,G
hullbo01,First Team All-Star,1972,WHA,,LW
lacroan01,First Team All-Star,1972,WHA,,C
lawsoda01,First Team All-Star,1972,WHA,,RW
shmyrpa01,First Team All-Star,1972,WHA,,D
trembjc01,First Team All-Star,1972,WHA,,D
cheevge01,Hatskin,1972,WHA,Best Goaltender,
lacroan01,Hunter,1972,WHA,Scoring,
caffete01,Kaplan,1972,WHA,Rookie,
trembjc01,Murphy,1972,WHA,Best Defenceman,
doreyji01,Second Team All-Star,1972,WHA,,D
hornula01,Second Team All-Star,1972,WHA,,D
jarrega01,Second Team All-Star,1972,WHA,,LW
parenbe01,Second Team All-Star,1972,WHA,,G
wardro01,Second Team All-Star,1972,WHA,,C
webstto01,Second Team All-Star,1972,WHA,,RW
howego01,Davidson,1973,WHA,MVP,
backsra01,Deneau,1973,WHA,Most Gentlemanly,
howego01,First Team All-Star,1973,WHA,,RW
hullbo01,First Team All-Star,1973,WHA,,LW
lacroan01,First Team All-Star,1973,WHA,,C
mcleodo01,First Team All-Star,1973,WHA,,G
shmyrpa01,First Team All-Star,1973,WHA,,D
staplpa01,First Team All-Star,1973,WHA,,D
mcleodo01,Hatskin,1973,WHA,Best Goaltender,
waltomi01,Hunter,1973,WHA,Scoring,
howema01,Kaplan,1973,WHA,Rookie,
staplpa01,Murphy,1973,WHA,Best Defenceman,
carlewa01,Second Team All-Star,1973,WHA,,C
cheevge01,Second Team All-Star,1973,WHA,,G
hamilal01,Second Team All-Star,1973,WHA,,D
howema01,Second Team All-Star,1973,WHA,,LW
trembjc01,Second Team All-Star,1973,WHA,,D
waltomi01,Second Team All-Star,1973,WHA,,RW
rogermi01,Deneau,1974,WHA,Most Gentlemanly,
graharo02,First Team All-Star,1974,WHA,,G
howego01,First Team All-Star,1974,WHA,,RW
hullbo01,First Team All-Star,1974,WHA,,LW
lacroan01,First Team All-Star,1974,WHA,,C
morrike01,First Team All-Star,1974,WHA,,D
trembjc01,First Team All-Star,1974,WHA,,D
graharo02,Hatskin,1974,WHA,Best Goaltender,
hullbo01,Howe,1974,WHA,MVP,
lacroan01,Hunter,1974,WHA,Scoring,
hedbean01,Kaplan,1974,WHA,Rookie,
trembjc01,Murphy,1974,WHA,Best Defenceman,
graharo02,Playoff MVP,1974,WHA,
bernise01,Second Team All-Star,1974,WHA,,C
cheevge01,Second Team All-Star,1974,WHA,,G
hedbean01,Second Team All-Star,1974,WHA,,RW
longba01,Second Team All-Star,1974,WHA,,D
popiepo01,Second Team All-Star,1974,WHA,,D
tardima01,Second Team All-Star,1974,WHA,,LW
nedomva01,Deneau,1975,WHA,Most Gentlemanly,
daleyjo01,First Team All-Star,1975,WHA,,G
hedbean01,First Team All-Star,1975,WHA,,RW
nilssul01,First Team All-Star,1975,WHA,,C
shmyrpa01,First Team All-Star,1975,WHA,,D
tardima01,First Team All-Star,1975,WHA,,LW
trembjc01,First Team All-Star,1975,WHA,,D
dionmi01,Hatskin,1975,WHA,Best Goaltender,
tardima01,Howe,1975,WHA,MVP,
tardima01,Hunter,1975,WHA,Scoring,
napiema01,Kaplan,1975,WHA,Rookie,
shmyrpa01,Murphy,1975,WHA,Best Defenceman,
nilssul01,Playoff MVP,1975,WHA,
cloutre01,Second Team All-Star,1975,WHA,,RW
ftorero01,Second Team All-Star,1975,WHA,,C
graharo02,Second Team All-Star,1975,WHA,,G
hullbo01,Second Team All-Star,1975,WHA,,LW
morrike01,Second Team All-Star,1975,WHA,,D
staplpa01,Second Team All-Star,1975,WHA,,D
keonda01,Deneau,1976,WHA,Most Gentlemanly,
ftorero01,First Team All-Star,1976,WHA,,C
garrejo01,First Team All-Star,1976,WHA,,G
hedbean01,First Team All-Star,1976,WHA,,RW
plumbro01,First Team All-Star,1976,WHA,,D
popiepo01,First Team All-Star,1976,WHA,,D
tardima01,First Team All-Star,1976,WHA,,LW
graharo02,Hatskin,1976,WHA,Best Goaltender,
ftorero01,Howe,1976,WHA,MVP,
cloutre01,Hunter,1976,WHA,Scoring,
lylege01,Kaplan,1976,WHA,Rookie,
plumbro01,Murphy,1976,WHA,Best Defenceman,
bernise01,Playoff MVP,1976,WHA,
antonmi01,Second Team All-Star,1976,WHA,,LW
cloutre01,Second Team All-Star,1976,WHA,,RW
daleyjo01,Second Team All-Star,1976,WHA,,G
hoganda01,Second Team All-Star,1976,WHA,,D
leducri01,Second Team All-Star,1976,WHA,,C
staplpa01,Second Team All-Star,1976,WHA,,D
keonda01,Deneau,1977,WHA,Most Gentlemanly,
hamilal01,First Team All-Star,1977,WHA,,D
hedbean01,First Team All-Star,1977,WHA,,RW
nilssul01,First Team All-Star,1977,WHA,,C
sjobela01,First Team All-Star,1977,WHA,,D
smithal02,First Team All-Star,1977,WHA,,G
tardima01,First Team All-Star,1977,WHA,,LW
smithal02,Hatskin,1977,WHA,Best Goaltender,
tardima01,Howe,1977,WHA,MVP,
tardima01,Hunter,1977,WHA,Scoring,
nilsske01,Kaplan,1977,WHA,Rookie,
sjobela01,Murphy,1977,WHA,Best Defenceman,
guindbo01,Playoff MVP,1977,WHA,
cloutre01,Second Team All-Star,1977,WHA,,RW
ftorero01,Second Team All-Star,1977,WHA,,C
hullbo01,Second Team All-Star,1977,WHA,,LW
leyri01,Second Team All-Star,1977,WHA,,D
longba01,Second Team All-Star,1977,WHA,,D
wakeler01,Second Team All-Star,1977,WHA,,G
nilsske01,Deneau,1978,WHA,Most Gentlemanly,
cloutre01,First Team All-Star,1978,WHA,,RW
drydeda01,First Team All-Star,1978,WHA,,G
ftorero01,First Team All-Star,1978,WHA,,C
howema01,First Team All-Star,1978,WHA,,LW
leyri01,First Team All-Star,1978,WHA,,D
ramagro01,First Team All-Star,1978,WHA,,D
drydeda01,Hatskin,1978,WHA,Best Goaltender,
drydeda01,Howe,1978,WHA,MVP,
cloutre01,Hunter,1978,WHA,Scoring,
gretzwa01,Kaplan,1978,WHA,Rookie,
leyri01,Murphy,1978,WHA,Best Defenceman,
prestri01,Playoff MVP,1978,WHA,
broderi01,Second Team All-Star,1978,WHA,,G
gretzwa01,Second Team All-Star,1978,WHA,,C
langeda01,Second Team All-Star,1978,WHA,,D
lukowmo01,Second Team All-Star,1978,WHA,,LW
macdobl01,Second Team All-Star,1978,WHA,,RW
shmyrpa01,Second Team All-Star,1978,WHA,,D
