playerID,year,stint,tmID,S,G,GDG
adamske01,2006,1,PHO,1,0,0
afanadm01,2005,1,TBL,1,0,0
afanadm01,2006,1,TBL,2,1,1
afinoma01,2005,1,BUF,5,3,2
afinoma01,2006,1,BUF,6,2,1
afinoma01,2007,1,BUF,3,1,1
afinoma01,2009,1,ATL,3,0,0
alexeni01,2006,2,CHI,1,1,1
alfreda01,2005,1,OTT,8,2,1
alfreda01,2006,1,OTT,2,0,0
alfreda01,2007,1,OTT,7,2,1
alfreda01,2008,1,OTT,9,5,0
alfreda01,2009,1,OTT,7,2,1
alfreda01,2010,1,OTT,3,0,0
alfreda01,2011,1,OTT,5,6,1
allisja01,2005,1,TOR,3,0,0
amontto01,2005,1,CAL,8,3,1
amontto01,2006,1,CAL,2,0,0
anisiar01,2009,1,NYR,2,0,0
anisiar01,2010,1,NYR,5,1,1
anisiar01,2011,1,NYR,0,2,0
antroni01,2006,1,TOR,2,0,0
antroni01,2007,1,TOR,3,1,0
antroni01,2008,1,TOR,1,0,0
antroni01,2008,2,NYR,2,1,0
antroni01,2009,1,ATL,2,0,0
antroni01,2010,1,ATL,4,1,0
antroni01,2011,1,WPG,0,1,0
arkhide01,2006,1,CHI,2,0,0
armstco01,2008,1,ATL,1,0,0
armstco01,2010,1,TOR,2,2,1
armstde01,2006,1,LAK,1,0,0
arnasty01,2005,1,CHI,3,1,0
arnasty01,2007,1,COL,1,1,0
arnotja01,2005,1,DAL,1,0,0
arnotja01,2008,1,NAS,1,1,1
arnotja01,2009,1,NAS,2,1,0
arnotja01,2010,1,NJD,2,1,0
artyuev01,2008,1,TBL,3,1,1
artyuev01,2009,1,AND,1,0,0
ashamar01,2005,1,NYI,1,0,0
ashamar01,2007,1,NJD,1,0,0
atkinca01,2011,1,CBS,1,1,1
aucoiad01,2009,1,PHO,9,6,6
aucoiad01,2011,1,PHO,0,2,0
aucoike01,2011,1,WAS,0,1,0
averyse01,2006,1,LAK,1,0,0
averyse01,2007,1,NYR,1,0,0
axelspj01,2005,1,BOS,1,0,0
axelspj01,2006,1,BOS,2,0,0
axelspj01,2008,1,BOS,5,2,2
backeda01,2008,1,STL,1,0,0
backeda01,2009,1,STL,1,0,0
backeda01,2010,1,STL,1,0,0
backeda01,2011,1,STL,0,1,0
backlmi01,2009,1,CAL,1,0,0
backlmi01,2011,1,CAL,0,1,0
backsni02,2007,1,WAS,2,1,0
backsni02,2008,1,WAS,3,1,0
backsni02,2009,1,WAS,9,4,1
backsni02,2010,1,WAS,9,2,0
backsni02,2011,1,WAS,0,2,0
bailejo01,2008,1,NYI,2,0,0
bailejo01,2009,1,NYI,3,1,0
bailejo01,2011,1,NYI,1,1,1
balasja01,2005,1,CBS,9,6,3
ballake01,2007,1,PHO,2,0,0
barkeca01,2007,1,CHI,1,0,0
barkeca01,2009,1,CHI,1,0,0
barnama01,2005,1,CHI,2,1,0
barnest01,2006,1,DAL,2,1,1
batessh01,2005,1,NYI,3,2,0
batessh01,2006,1,NYI,1,0,0
beaucfr01,2008,1,AND,1,0,0
beechkr01,2006,1,WAS,1,0,0
belaner01,2006,2,ATL,1,0,0
belaner01,2007,1,MIN,1,0,0
belaner01,2009,1,MIN,3,0,0
belaner01,2010,1,PHO,3,1,1
belaner01,2011,1,EDM,0,2,0
belesma01,2009,1,AND,1,0,0
bellbr02,2008,1,OTT,1,0,0
bellma01,2005,1,CHI,2,0,0
bennja01,2009,1,DAL,5,1,1
bennja01,2010,1,DAL,7,2,0
bennja01,2011,1,DAL,4,8,2
berarbr01,2005,1,CBS,1,0,0
bergepa01,2005,1,BOS,9,2,1
bergepa01,2006,1,BOS,11,6,1
bergepa01,2007,1,BOS,1,0,0
bergepa01,2008,1,BOS,7,0,0
bergepa01,2009,1,BOS,13,3,2
bergepa01,2010,1,BOS,3,0,0
bergepa01,2011,1,BOS,5,8,2
bergese01,2007,1,NYI,1,0,0
bergese01,2009,1,NYI,2,0,0
bergese01,2010,1,TBL,2,0,0
bergese01,2011,1,FLO,0,4,0
bergfni01,2009,2,ATL,1,0,0
bergfni01,2010,1,ATL,2,0,0
bergfni01,2010,2,FLO,1,0,0
berglpa01,2008,1,STL,1,0,0
berglpa01,2009,1,STL,1,0,0
berglpa01,2010,1,STL,3,0,0
berglpa01,2011,1,STL,0,4,0
bernist01,2005,1,SJS,1,0,0
bernist01,2007,1,SJS,1,0,0
bernist01,2008,1,VAN,1,0,0
bernist01,2010,1,FLO,1,1,1
bertuto01,2005,1,VAN,5,2,1
bertuto01,2006,1,FLO,1,0,0
bertuto01,2006,2,DET,3,0,0
bertuto01,2007,1,AND,6,1,0
bertuto01,2008,1,CAL,3,2,2
bertuto01,2009,1,DET,8,4,2
bertuto01,2010,1,DET,7,2,1
bertuto01,2011,1,DET,5,10,4
bettsbl01,2005,1,NYR,1,0,0
bettsbl01,2006,1,NYR,1,0,0
biekske01,2006,1,VAN,1,0,0
biekske01,2008,1,VAN,1,0,0
biekske01,2011,1,VAN,0,1,0
blakeja01,2005,1,NYI,5,2,1
blakeja01,2006,1,NYI,6,1,1
blakeja01,2007,1,TOR,2,0,0
blakeja01,2008,1,TOR,8,4,1
blakeja01,2010,1,AND,1,0,0
blakeja01,2011,1,AND,0,1,0
bochebr01,2006,1,CHI,1,0,0
bochebr01,2006,2,BOS,3,0,0
bochebr01,2007,2,AND,1,0,0
bochebr01,2009,1,TBL,1,0,0
boedkmi01,2008,1,PHO,1,0,0
boedkmi01,2010,1,PHO,2,0,0
boedkmi01,2011,1,PHO,4,9,1
bollada01,2008,1,CHI,3,0,0
bollada01,2009,1,CHI,1,0,0
bollada01,2011,1,CHI,1,5,1
bondrpe01,2005,1,ATL,3,0,0
bonkra01,2007,1,NAS,2,2,0
bonkra01,2008,1,NAS,2,0,0
boothda01,2007,1,FLO,1,0,0
boothda01,2008,1,FLO,2,0,0
boothda01,2009,1,FLO,2,1,0
boothda01,2010,1,FLO,5,1,0
boothda01,2011,2,VAN,1,2,0
bouchpi02,2005,1,MIN,1,0,0
bouchpi02,2006,1,MIN,6,1,1
bouchpi02,2007,1,MIN,3,1,0
bouchpi02,2008,1,MIN,1,0,0
bouchpi02,2010,1,MIN,6,4,1
bouchpi02,2011,1,MIN,1,5,0
bouilfr01,2009,1,NAS,1,0,0
bourqre01,2005,1,CHI,5,1,0
bourqre01,2006,1,CHI,1,0,0
bourqre01,2008,1,CAL,1,0,0
bourqre01,2009,1,CAL,1,0,0
bourqre01,2010,1,CAL,12,5,3
bourqre01,2011,1,CAL,0,1,0
bourqre01,2011,2,MTL,2,4,0
bouwmja01,2006,1,FLO,1,0,0
bouwmja01,2007,1,FLO,1,0,0
bouwmja01,2010,1,CAL,1,0,0
boyddu01,2006,1,CAL,1,0,0
boyddu01,2009,2,NAS,1,0,0
boyesbr01,2005,1,BOS,6,2,1
boyesbr01,2006,1,BOS,5,0,0
boyesbr01,2006,2,STL,1,0,0
boyesbr01,2007,1,STL,8,4,2
boyesbr01,2008,1,STL,12,6,1
boyesbr01,2009,1,STL,12,7,3
boyesbr01,2010,1,STL,8,5,1
boyesbr01,2011,1,BUF,5,12,2
boylebr01,2010,1,NYR,2,0,0
boyleda01,2006,1,TBL,1,0,0
boyleda01,2008,1,SJS,7,2,0
boyleda01,2009,1,SJS,9,2,1
boyleda01,2010,1,SJS,3,3,0
boyleda01,2011,1,SJS,0,4,0
bozakty01,2009,1,TOR,1,0,0
bozakty01,2010,1,TOR,4,3,1
bozakty01,2011,1,TOR,1,3,0
bradlma01,2005,1,WAS,1,0,0
bradlma01,2006,1,WAS,1,0,0
bradlma01,2007,1,WAS,1,1,1
bradlma01,2009,1,WAS,2,0,0
brashdo01,2006,1,WAS,1,0,0
brashdo01,2007,1,WAS,1,0,0
brassde01,2008,1,CBS,2,1,0
brassde01,2009,1,CBS,1,0,0
brassde01,2010,1,CBS,1,0,0
brassde01,2011,1,CBS,0,1,0
brierda01,2005,1,BUF,4,2,1
brierda01,2006,1,BUF,14,6,3
brierda01,2007,1,PHI,7,3,2
brierda01,2008,1,PHI,3,2,0
brierda01,2009,1,PHI,6,2,1
brierda01,2010,1,PHI,9,3,1
brierda01,2011,1,PHI,2,7,0
brindro01,2005,1,CAR,4,1,1
brindro01,2006,1,CAR,2,1,0
brindro01,2007,1,CAR,1,1,1
brindro01,2008,1,CAR,2,1,0
brindro01,2009,1,CAR,1,0,0
broditj01,2011,1,CAL,0,2,0
brodzky01,2009,1,MIN,1,0,0
brodzky01,2011,1,MIN,1,2,1
brouwtr01,2009,1,CHI,5,1,1
brouwtr01,2010,1,CHI,1,0,0
brouwtr01,2011,1,WAS,0,1,0
browndu01,2006,1,LAK,8,4,1
browndu01,2007,1,LAK,8,4,1
browndu01,2008,1,LAK,6,1,0
browndu01,2009,1,LAK,11,2,1
browndu01,2010,1,LAK,7,2,1
browndu01,2011,1,LAK,3,11,2
brulegi01,2006,1,CBS,1,0,0
brulegi01,2007,1,CBS,3,0,0
brulegi01,2009,1,EDM,5,3,1
brulegi01,2010,1,EDM,3,0,0
brulegi01,2011,1,PHO,1,3,0
brunean01,2005,1,COL,1,0,0
brunean01,2006,1,COL,1,0,0
brunean01,2007,1,COL,1,0,0
brunean01,2008,1,MIN,1,0,0
brunean01,2010,1,MIN,1,0,0
brunnfa01,2008,1,DAL,4,1,0
brylise01,2005,1,NJD,3,1,1
brylise01,2006,1,NJD,8,1,0
brylise01,2007,1,NJD,1,0,0
bulisja01,2006,1,VAN,1,0,0
burmial01,2010,1,ATL,3,1,1
burmial01,2011,1,WPG,0,2,0
burnsbr01,2007,1,MIN,5,3,1
burnsbr01,2008,1,MIN,3,0,0
burnsbr01,2009,1,MIN,3,1,1
burnsbr01,2010,1,MIN,3,1,0
burnsbr01,2011,1,SJS,1,2,0
burroal01,2007,1,VAN,1,0,0
burroal01,2008,1,VAN,6,1,0
burroal01,2009,1,VAN,1,1,0
burroal01,2010,1,VAN,2,2,1
burroal01,2011,1,VAN,6,10,1
butlebo01,2010,1,OTT,1,0,0
butlebo01,2011,1,OTT,1,2,1
byfugdu01,2005,1,CHI,1,0,0
byfugdu01,2009,1,CHI,3,0,0
byfugdu01,2010,1,ATL,2,0,0
byronpa01,2010,1,BUF,1,0,0
cajanpe01,2005,1,STL,6,1,1
caldeky01,2005,1,CHI,1,0,0
caldeky01,2006,1,PHI,1,0,0
callary01,2007,1,NYR,1,0,0
callary01,2008,1,NYR,3,1,1
callary01,2009,1,NYR,1,0,0
callary01,2010,1,NYR,4,0,0
callary01,2011,1,NYR,2,4,2
calvema01,2010,1,CBS,3,0,0
cammami01,2005,1,LAK,1,0,0
cammami01,2006,1,LAK,6,2,0
cammami01,2007,1,LAK,5,1,1
cammami01,2008,1,CAL,5,1,0
cammami01,2009,1,MTL,8,2,2
cammami01,2010,1,MTL,2,1,1
cammami01,2011,1,MTL,0,3,0
cammami01,2011,2,CAL,2,4,1
carcida01,2006,1,PHO,1,0,0
carcida01,2007,1,PHO,3,0,0
carcida01,2008,1,PHO,1,1,1
cartean01,2005,1,VAN,1,0,0
cartean01,2006,1,CBS,1,1,0
carteje01,2005,1,PHI,3,0,0
carteje01,2006,1,PHI,2,0,0
carteje01,2007,1,PHI,6,3,0
carteje01,2008,1,PHI,5,0,0
carteje01,2009,1,PHI,1,0,0
carteje01,2010,1,PHI,2,0,0
carteje01,2011,1,CBS,0,2,0
carteje01,2011,2,LAK,1,2,1
cartery01,2008,1,AND,1,0,0
cassean01,2005,1,WAS,2,1,0
charazd01,2006,1,BOS,2,1,1
charazd01,2007,1,BOS,2,1,0
charazd01,2008,1,BOS,1,0,0
charazd01,2009,1,BOS,4,1,1
charazd01,2010,1,BOS,1,0,0
cheecjo01,2005,1,SJS,6,1,0
cheecjo01,2006,1,SJS,3,2,1
cheecjo01,2007,1,SJS,6,1,0
cheecjo01,2008,1,SJS,3,2,2
chimeja01,2005,1,CBS,1,1,1
chimeja01,2006,1,CBS,4,1,1
chimeja01,2007,1,CBS,2,0,0
chimeja01,2009,1,CBS,1,0,0
chouima01,2005,1,MIN,1,0,0
chriser01,2005,1,PIT,1,1,0
chriser01,2006,1,PIT,14,8,3
chriser01,2007,1,PIT,8,5,1
chriser01,2007,2,ATL,3,1,1
chriser01,2008,1,ATL,4,2,2
chriser01,2008,2,AND,1,0,0
chriser01,2009,2,NYR,4,1,1
chriser01,2010,1,NYR,8,5,3
chriser01,2011,1,NYR,1,3,0
chriser01,2011,2,MIN,5,9,2
clarkch01,2005,1,WAS,1,0,0
clarkch01,2006,1,WAS,1,0,0
clarkch01,2009,1,WAS,1,1,1
clarkda03,2009,1,NJD,1,1,1
clarkda03,2011,1,NJD,1,2,1
clarkno02,2006,1,LAK,1,0,0
clearda01,2006,1,DET,4,2,0
clearda01,2007,1,DET,1,0,0
clearda01,2008,1,DET,2,0,0
clearda01,2009,1,DET,4,0,0
clearda01,2010,1,DET,1,0,0
clearda01,2011,1,DET,0,1,0
clowery01,2006,1,SJS,4,2,1
clowery01,2007,1,SJS,1,0,0
clowery01,2008,1,SJS,5,3,2
clowery01,2009,1,SJS,9,3,2
clowery01,2010,1,SJS,8,3,2
clowery01,2011,1,SJS,5,11,4
cluttca01,2009,1,MIN,1,0,0
cluttca01,2010,1,MIN,1,0,0
clymebe01,2005,1,WAS,2,0,0
clymebe01,2006,1,WAS,1,0,0
coglian01,2007,1,EDM,1,0,0
coglian01,2010,1,EDM,2,0,0
colbojo01,2011,1,TOR,0,1,0
coleer01,2005,1,CAR,3,1,1
coleer01,2006,1,CAR,2,0,0
coleer01,2011,1,MTL,0,3,0
comeabl01,2007,1,NYI,2,1,0
comeabl01,2010,1,NYI,1,0,0
comeabl01,2011,2,CAL,0,1,0
comrimi01,2005,1,PHO,4,1,0
comrimi01,2006,1,PHO,2,1,1
comrimi01,2006,2,OTT,5,2,0
comrimi01,2007,1,NYI,4,1,1
comrimi01,2008,2,OTT,2,1,1
comrimi01,2009,1,EDM,4,1,1
condrer01,2011,1,OTT,0,1,0
connech01,2010,1,PIT,1,0,0
connoti01,2005,1,BUF,5,2,0
connoti01,2007,1,BUF,3,0,0
connoti01,2008,1,BUF,6,1,0
connoti01,2009,1,BUF,7,1,0
connoti01,2010,1,BUF,2,0,0
connoti01,2011,1,TOR,2,2,0
conrocr01,2005,1,LAK,1,0,0
corvojo01,2005,1,LAK,3,1,1
coutulo01,2009,1,SJS,1,1,1
coutulo01,2010,1,SJS,8,2,2
coutulo01,2011,1,SJS,0,4,0
coutuse01,2011,1,PHI,0,1,0
craigry01,2006,1,TBL,1,0,0
crosbsi01,2005,1,PIT,6,2,1
crosbsi01,2006,1,PIT,15,5,4
crosbsi01,2007,1,PIT,7,2,2
crosbsi01,2008,1,PIT,10,3,2
crosbsi01,2009,1,PIT,10,8,4
crosbsi01,2010,1,PIT,4,1,0
cullema01,2005,1,CAR,9,6,2
cullema01,2006,1,NYR,8,3,2
cullema01,2007,1,CAR,3,2,0
cullema01,2008,1,CAR,5,0,0
cullema01,2009,1,CAR,3,0,0
cullema01,2010,1,MIN,3,1,0
cullema01,2011,1,MIN,7,16,3
cullema02,2005,1,CHI,1,0,0
czerkma01,2005,2,BOS,2,0,0
dadonev01,2010,1,FLO,1,0,0
dagenpi01,2005,1,MTL,2,2,2
dagosma01,2010,1,STL,6,1,0
dagosma01,2011,1,STL,0,1,0
daiglal02,2005,1,MIN,1,0,0
daleytr01,2011,1,DAL,1,2,1
datsypa01,2005,1,DET,6,3,1
datsypa01,2006,1,DET,10,5,0
datsypa01,2007,1,DET,10,4,1
datsypa01,2008,1,DET,10,5,3
datsypa01,2009,1,DET,14,7,2
datsypa01,2010,1,DET,4,2,2
datsypa01,2011,1,DET,5,11,1
daugaka01,2011,1,OTT,0,1,0
dawesni01,2006,1,NYR,1,0,0
dawesni01,2007,1,NYR,9,5,2
dawesni01,2008,1,NYR,5,1,0
dawesni01,2009,1,CAL,8,3,0
dawesni01,2010,1,ATL,2,1,1
dawesni01,2010,2,MTL,1,1,0
delzomi01,2009,1,NYR,1,0,0
demitpa01,2005,1,LAK,5,3,3
demitpa01,2006,1,MIN,14,6,2
demitpa01,2007,1,MIN,4,1,0
demitpa01,2008,1,VAN,7,3,1
demitpa01,2009,1,VAN,4,2,2
deshada01,2010,1,MTL,2,1,0
deshada01,2011,1,MTL,5,12,2
devrigr01,2005,1,ATL,2,0,0
dimitni01,2005,1,SJS,3,1,0
doansh01,2005,1,PHO,3,1,0
doansh01,2006,1,PHO,3,2,1
doansh01,2007,1,PHO,4,1,1
doansh01,2008,1,PHO,4,2,0
doansh01,2009,1,PHO,9,2,0
doansh01,2010,1,PHO,3,1,0
doansh01,2011,1,PHO,2,7,0
dorsede01,2011,1,CBS,0,1,0
doughdr01,2008,1,LAK,3,1,1
doughdr01,2009,1,LAK,2,1,0
doughdr01,2010,1,LAK,1,0,0
downist01,2009,1,TBL,1,0,0
downist01,2010,1,TBL,1,0,0
downist01,2011,1,TBL,0,1,0
drapekr01,2009,1,DET,1,0,0
drurych01,2005,1,BUF,1,0,0
drurych01,2006,1,BUF,1,0,0
drurych01,2007,1,NYR,5,0,0
drurych01,2008,1,NYR,7,3,3
drurych01,2010,1,NYR,1,0,0
dubinbr01,2007,1,NYR,1,0,0
dubinbr01,2009,1,NYR,2,0,0
dubinbr01,2010,1,NYR,4,1,1
duchema01,2009,1,COL,7,2,1
duchema01,2010,1,COL,6,0,0
duchema01,2011,1,COL,3,6,1
dumonjp01,2005,1,BUF,1,0,0
dumonjp01,2006,1,NAS,3,1,1
dumonjp01,2007,1,NAS,4,0,0
dumonjp01,2008,1,NAS,2,1,0
dumonjp01,2009,1,NAS,2,0,0
dupuipa01,2006,1,MIN,1,0,0
dupuipa01,2007,1,ATL,1,1,1
dupuipa01,2009,1,PIT,1,1,0
dupuipa01,2010,1,PIT,4,1,1
dupuipa01,2011,1,PIT,1,3,1
dvorara01,2005,1,EDM,2,1,1
eavespa01,2005,1,OTT,1,0,0
eavespa01,2009,1,DET,3,0,0
ebbetan01,2009,3,MIN,2,1,0
eberljo01,2010,1,EDM,9,4,1
eberljo01,2011,1,EDM,3,12,0
edleral01,2007,1,VAN,7,2,2
edleral01,2008,1,VAN,2,0,0
edleral01,2011,1,VAN,4,8,2
ekmanni01,2005,1,SJS,6,2,1
ekmanni01,2006,1,PIT,1,0,0
ekmanol01,2011,1,PHO,1,4,1
eliaspa01,2005,1,NJD,5,2,0
eliaspa01,2006,1,NJD,11,2,1
eliaspa01,2007,1,NJD,6,5,2
eliaspa01,2008,1,NJD,7,3,1
eliaspa01,2009,1,NJD,5,2,2
eliaspa01,2010,1,NJD,3,0,0
eliaspa01,2011,1,NJD,6,12,2
ellerla01,2011,1,MTL,1,5,0
ellisry01,2011,1,NAS,0,1,0
emingst01,2005,1,WAS,1,0,0
ennisty01,2010,1,BUF,4,3,2
ennisty01,2011,1,BUF,2,6,1
enstrto01,2007,1,ATL,1,0,0
eratma01,2005,1,NAS,2,2,2
eratma01,2006,1,NAS,7,1,1
eratma01,2007,1,NAS,5,2,2
eratma01,2008,1,NAS,5,2,1
eratma01,2009,1,NAS,11,5,3
eratma01,2010,1,NAS,7,2,1
eratma01,2011,1,NAS,1,6,1
eriksan01,2006,1,CBS,1,0,0
erikslo01,2006,1,DAL,2,0,0
erikslo01,2008,1,DAL,5,1,0
erikslo01,2009,1,DAL,9,3,2
erikslo01,2010,1,DAL,5,1,1
erikslo01,2011,1,DAL,5,11,1
erskijo01,2007,1,WAS,1,0,0
fedorse01,2005,1,ANA,1,0,0
fedorse01,2005,2,CBS,4,0,0
fedorse01,2006,1,CBS,3,2,1
fedorse01,2007,1,CBS,2,0,0
fedorse01,2008,1,WAS,1,0,0
fedotru01,2005,1,TBL,1,0,0
fedotru01,2006,1,TBL,2,0,0
fehrer01,2006,1,WAS,1,0,0
fehrer01,2009,1,WAS,2,0,0
ferribe01,2009,1,SJS,1,0,0
fiddlve01,2008,1,NAS,6,2,0
fiddlve01,2009,1,PHO,1,0,0
filatni01,2009,1,CBS,2,0,0
filatni01,2010,1,CBS,2,1,0
filppva01,2006,1,DET,2,0,0
filppva01,2009,1,DET,4,1,0
filppva01,2011,1,DET,1,3,1
fischpa01,2006,1,PHO,1,0,0
fishemi01,2005,1,OTT,2,0,0
fishemi01,2006,1,OTT,4,1,0
fishemi01,2007,1,OTT,2,1,0
fishemi01,2008,1,OTT,5,2,2
fishemi01,2009,1,OTT,5,2,0
fishemi01,2010,1,OTT,1,0,0
fishemi01,2010,2,NAS,1,0,0
fishemi01,2011,1,NAS,0,3,0
fleisto01,2005,1,WAS,2,0,0
fleisto01,2006,1,WAS,1,0,0
fleisto01,2007,1,WAS,1,0,0
fleisto01,2009,1,WAS,4,1,1
fleisto01,2011,1,FLO,0,4,0
foligni01,2008,1,OTT,2,0,0
foligni01,2009,1,OTT,1,0,0
foligni01,2010,1,OTT,1,0,0
foligni01,2011,1,OTT,0,1,0
footead01,2007,1,CBS,1,0,0
forsbpe01,2005,1,PHI,7,3,0
forsbpe01,2006,1,PHI,5,1,1
forsbpe01,2006,2,NAS,1,0,0
fosteku01,2009,1,TBL,1,0,0
fosteku01,2010,1,EDM,1,0,0
fosteku01,2011,1,AND,0,1,0
fowleca01,2010,1,AND,1,1,1
fowleca01,2011,1,AND,0,2,0
fransco01,2009,1,NAS,1,0,0
fransco01,2010,1,NAS,3,1,1
franzjo01,2006,1,DET,2,1,1
franzjo01,2007,1,DET,1,1,1
franzjo01,2008,1,DET,1,0,0
franzjo01,2009,1,DET,1,0,0
franzjo01,2010,1,DET,2,0,0
fraseco01,2010,1,EDM,1,0,0
frattma01,2011,1,TOR,1,2,0
friesje01,2006,1,CAL,1,0,0
fritsda01,2005,1,CBS,1,0,0
frolimi01,2008,1,FLO,6,0,0
frolimi01,2009,1,FLO,5,1,0
frolimi01,2010,1,FLO,2,1,1
froloal01,2005,1,LAK,4,3,1
froloal01,2006,1,LAK,9,4,0
froloal01,2007,1,LAK,2,0,0
froloal01,2008,1,LAK,6,1,1
froloal01,2009,1,LAK,1,0,0
froloal01,2010,1,NYR,1,0,0
gaborma01,2005,1,MIN,6,0,0
gaborma01,2006,1,MIN,2,0,0
gaborma01,2007,1,MIN,5,1,1
gaborma01,2009,1,NYR,5,1,0
gaborma01,2010,1,NYR,1,0,0
gaborma01,2011,1,NYR,4,7,1
gagnesa01,2007,1,EDM,17,5,4
gagnesa01,2008,1,EDM,8,3,1
gagnesa01,2009,1,EDM,7,0,0
gagnesa01,2010,1,EDM,5,0,0
gagnesa01,2011,1,EDM,6,9,1
gagnesi01,2005,1,PHI,6,2,1
gagnesi01,2006,1,PHI,6,1,0
gagnesi01,2008,1,PHI,6,2,2
gagnesi01,2009,1,PHI,1,0,0
gagnesi01,2010,1,TBL,3,1,0
gagnesi01,2011,1,LAK,0,3,0
galiatj01,2009,1,COL,2,0,0
gamacsi01,2005,1,NAS,2,0,0
gelinma01,2005,1,FLO,1,0,0
gelinma01,2006,1,FLO,1,0,0
gerbena01,2010,1,BUF,1,1,0
gerbena01,2011,1,BUF,2,6,2
getzlry01,2005,1,ANA,2,0,0
getzlry01,2006,1,AND,12,5,2
getzlry01,2007,1,AND,12,2,2
getzlry01,2008,1,AND,9,5,1
getzlry01,2009,1,AND,8,4,0
getzlry01,2010,1,AND,3,1,0
getzlry01,2011,1,AND,1,5,0
gilbeto01,2007,1,EDM,1,0,0
gilbeto01,2008,1,EDM,1,0,0
gilbeto01,2009,1,EDM,1,0,0
gilroma01,2010,1,NYR,1,0,0
giontbr01,2005,1,NJD,10,4,1
giontbr01,2006,1,NJD,13,7,2
giontbr01,2007,1,NJD,12,3,1
giontbr01,2008,1,NJD,2,0,0
giontbr01,2009,1,MTL,5,3,1
giontbr01,2010,1,MTL,6,1,1
giontbr01,2011,1,MTL,2,4,1
giroual01,2010,1,EDM,1,0,0
giroucl01,2007,1,PHI,1,0,0
giroucl01,2008,1,PHI,2,0,0
giroucl01,2009,1,PHI,5,3,2
giroucl01,2010,1,PHI,9,2,0
giroucl01,2011,1,PHI,5,9,2
glenccu01,2007,1,CBS,1,1,0
glenccu01,2009,1,CAL,1,0,0
glenccu01,2010,1,CAL,3,1,1
glenccu01,2011,1,CAL,0,3,0
gocma01,2009,1,NAS,5,1,0
gocma01,2010,1,NAS,6,2,2
gocma01,2011,1,FLO,1,7,1
goligal01,2008,1,PIT,2,1,1
goligal01,2009,1,PIT,1,0,0
goligal01,2010,1,PIT,1,0,0
gomezsc01,2005,1,NJD,3,2,1
gomezsc01,2006,1,NJD,1,0,0
gomezsc01,2007,1,NYR,4,2,1
gomezsc01,2008,1,NYR,2,0,0
gomezsc01,2009,1,MTL,8,2,1
gomezsc01,2010,1,MTL,1,0,0
gomezsc01,2011,1,MTL,0,1,0
gonchse01,2005,1,PIT,1,1,0
gonchse01,2006,1,PIT,2,0,0
gonchse01,2007,1,PIT,1,0,0
gordobo01,2007,1,WAS,3,1,0
gordobo01,2008,1,WAS,1,0,0
gordobo01,2009,1,WAS,1,0,0
gordobo01,2011,1,PHO,0,1,0
grabomi01,2008,1,TOR,3,1,0
grabomi01,2010,1,TOR,6,2,1
grabomi01,2011,1,TOR,0,3,0
greenjo01,2006,1,VAN,3,1,1
greenmi03,2006,1,WAS,1,0,0
greenmi03,2007,1,WAS,2,0,0
greenmi03,2009,1,WAS,2,0,0
greenmi03,2010,1,WAS,1,0,0
gueribi01,2005,1,DAL,1,1,0
gueribi01,2006,1,STL,2,1,1
gueribi01,2007,1,NYI,4,2,0
gueribi01,2008,1,NYI,2,1,0
gueribi01,2009,1,PIT,3,0,0
guitebe01,2007,1,COL,1,0,0
hagmani01,2006,1,DAL,1,0,0
hagmani01,2007,1,DAL,3,1,1
hagmani01,2008,1,TOR,5,1,1
hagmani01,2009,1,TOR,1,1,0
hagmani01,2010,1,CAL,8,1,0
hagmani01,2011,2,AND,1,1,1
hainsro01,2006,1,CBS,1,0,0
halisma01,2011,1,NAS,0,2,0
hallad01,2006,1,NYR,2,0,0
hallad01,2008,1,TBL,1,1,0
hallad01,2010,1,TBL,7,2,0
hallta02,2010,1,EDM,7,2,0
hallta02,2011,1,EDM,1,4,1
halpeje01,2005,1,WAS,2,0,0
halpeje01,2009,1,TBL,3,1,1
hamilje01,2006,1,CHI,10,5,0
hamilje01,2007,1,CAR,4,2,0
hamilje01,2008,1,TOR,2,2,1
handzmi01,2005,1,PHI,4,2,1
handzmi01,2008,1,LAK,1,0,0
handzmi01,2009,1,LAK,8,5,1
handzmi01,2010,1,LAK,9,4,2
handzmi01,2011,1,SJS,5,10,3
hanzama01,2007,1,PHO,1,0,0
hartima01,2005,1,CBS,2,1,0
hartite01,2010,1,EDM,1,0,0
hartite01,2011,1,EDM,0,1,0
hartnsc01,2008,1,PHI,1,0,0
havlama01,2005,1,OTT,1,0,0
havlama01,2006,1,CHI,6,2,1
havlama01,2007,1,CHI,4,1,0
havlama01,2008,1,CHI,3,0,0
havlama01,2009,1,MIN,4,0,0
havlama01,2010,1,MIN,2,0,0
havlama01,2011,1,SJS,1,3,0
heatlda01,2005,1,OTT,8,2,1
heatlda01,2006,1,OTT,4,1,0
heatlda01,2007,1,OTT,4,0,0
heatlda01,2008,1,OTT,3,0,0
heatlda01,2009,1,SJS,6,1,0
heatlda01,2010,1,SJS,1,0,0
heatlda01,2011,1,MIN,2,7,1
hechtjo01,2006,1,BUF,1,0,0
hechtjo01,2007,1,BUF,1,0,0
hechtjo01,2009,1,BUF,4,3,1
hechtjo01,2010,1,BUF,1,1,1
hedmavi01,2010,1,TBL,6,2,1
hedmavi01,2011,1,TBL,0,1,0
hedstjo01,2005,1,ANA,2,1,0
hejdaja01,2011,1,COL,6,11,3
hejdumi01,2005,1,COL,7,1,1
hejdumi01,2006,1,COL,7,2,2
hejdumi01,2007,1,COL,6,3,1
hejdumi01,2008,1,COL,13,6,1
hejdumi01,2009,1,COL,8,4,1
hejdumi01,2010,1,COL,6,2,2
hemskal01,2005,1,EDM,14,5,0
hemskal01,2006,1,EDM,6,1,0
hemskal01,2007,1,EDM,16,6,4
hemskal01,2008,1,EDM,6,2,2
hemskal01,2009,1,EDM,4,2,1
hemskal01,2010,1,EDM,3,0,0
hemskal01,2011,1,EDM,3,6,1
hendrma01,2009,1,COL,2,1,1
hendrma01,2010,1,WAS,4,2,0
hendrma01,2011,1,WAS,5,6,3
henriad01,2011,1,NJD,1,3,1
hensitj01,2007,1,COL,2,0,0
hensitj01,2008,1,COL,1,0,0
hewarja01,2005,1,WAS,1,0,0
higgich01,2006,1,MTL,4,1,0
higgich01,2007,1,MTL,3,0,0
higgich01,2009,1,NYR,1,0,0
higgich01,2010,1,FLO,2,0,0
hilbean01,2005,2,PIT,1,0,0
hilbean01,2006,1,NYI,3,1,1
hodgsco01,2011,1,VAN,3,7,2
hodgsco01,2011,2,BUF,0,1,0
holikbo01,2007,1,ATL,1,0,0
hollwry01,2005,1,NYR,1,0,0
hollwry01,2006,1,NYR,1,0,0
holmqmi01,2005,1,CHI,5,2,1
holmqmi01,2006,1,CHI,3,0,0
holmsto01,2005,1,DET,2,1,1
holmsto01,2006,1,DET,2,0,0
holmsto01,2009,1,DET,1,0,0
horcosh01,2005,1,EDM,1,0,0
horcosh01,2007,1,EDM,7,5,3
horcosh01,2008,1,EDM,1,0,0
horcosh01,2009,1,EDM,7,4,3
horcosh01,2010,1,EDM,1,0,0
horcosh01,2011,1,EDM,1,3,0
hornqpa01,2009,1,NAS,3,0,0
hortona01,2005,1,FLO,7,2,0
hortona01,2006,1,FLO,7,2,1
hortona01,2007,1,FLO,10,3,1
hortona01,2008,1,FLO,7,2,1
hortona01,2009,1,FLO,8,2,1
hortona01,2010,1,BOS,1,0,0
hortona01,2011,1,BOS,1,1,0
hossama01,2005,1,ATL,9,3,2
hossama01,2006,1,ATL,10,5,1
hossama01,2007,1,ATL,10,2,1
hossama01,2008,1,DET,4,2,2
hossama01,2009,1,CHI,5,2,0
hossama01,2010,1,CHI,2,0,0
hossama01,2011,1,CHI,0,4,0
hossama02,2005,1,NYR,1,0,0
hossama02,2006,1,NYR,4,3,3
hossama02,2007,1,NYR,4,1,0
hrdinja01,2005,1,CBS,2,0,0
hudleji01,2006,1,DET,3,0,0
hudleji01,2007,1,DET,8,4,1
hudleji01,2008,1,DET,7,3,1
hudleji01,2010,1,DET,7,2,1
hudleji01,2011,1,DET,3,12,2
huntetr01,2005,1,NYI,9,5,2
huntetr01,2006,1,NYI,5,0,0
huntetr01,2007,1,NYI,3,0,0
huntetr01,2008,1,NYI,3,0,0
huntetr01,2009,1,NYI,2,1,1
huselkr01,2005,1,FLO,1,0,0
huselkr01,2005,2,CAL,2,0,0
huselkr01,2006,1,CAL,5,1,0
huselkr01,2007,1,CAL,5,4,2
huselkr01,2008,1,CBS,8,2,2
huselkr01,2009,1,CBS,11,4,1
huselkr01,2010,1,CBS,4,1,0
iginlja01,2005,1,CAL,9,1,0
iginlja01,2006,1,CAL,4,3,1
iginlja01,2007,1,CAL,5,3,1
iginlja01,2008,1,CAL,5,0,0
iginlja01,2009,1,CAL,4,0,0
iginlja01,2010,1,CAL,1,0,0
iginlja01,2011,1,CAL,2,7,2
isbisbr01,2005,1,BOS,1,0,0
isbisbr01,2007,1,VAN,1,0,0
jagrja01,2005,1,NYR,8,2,1
jagrja01,2006,1,NYR,9,3,1
jagrja01,2007,1,NYR,5,0,0
jagrja01,2011,1,PHI,0,1,0
jeffrdu01,2010,1,PIT,1,1,1
johanma03,2010,1,WAS,1,0,0
johanry01,2011,1,CBS,0,2,0
johnser01,2010,1,STL,2,0,0
johnsja02,2008,1,LAK,6,3,1
johnsja02,2009,1,LAK,17,6,1
johnsja02,2010,1,LAK,7,1,0
johnsja02,2011,1,LAK,0,4,0
johnsja02,2011,2,CBS,0,1,0
johnsmi01,2005,1,PHO,1,0,0
johnsry01,2008,1,VAN,1,0,0
jokinju01,2005,1,DAL,13,10,3
jokinju01,2006,1,DAL,12,5,2
jokinju01,2007,1,DAL,4,2,1
jokinju01,2008,1,TBL,9,3,0
jokinju01,2008,2,CAR,3,2,1
jokinju01,2009,1,CAR,9,4,1
jokinju01,2010,1,CAR,10,2,1
jokinju01,2011,1,CAR,2,6,0
jokinol01,2005,1,FLO,9,4,2
jokinol01,2006,1,FLO,6,1,0
jokinol01,2007,1,FLO,8,3,2
jokinol01,2008,1,PHO,2,0,0
jokinol01,2008,2,CAL,1,1,1
jokinol01,2009,1,CAL,9,5,1
jokinol01,2009,2,NYR,1,0,0
jokinol01,2010,1,CAL,5,1,1
jokinol01,2011,1,CAL,3,8,0
jonesbl01,2011,2,CAL,1,2,0
jonesda01,2007,1,COL,1,0,0
jonesda01,2009,1,COL,1,0,0
jonesda01,2010,1,COL,4,0,0
jonesda01,2011,1,COL,0,1,0
jonesry01,2009,2,EDM,1,0,0
jonesry01,2010,1,EDM,2,0,0
josefja01,2010,1,NJD,1,0,0
jovaned01,2007,1,PHO,1,0,0
kaberto01,2006,1,TOR,3,1,0
kaberto01,2007,1,TOR,4,3,1
kaberto01,2008,1,TOR,3,1,0
kaberto01,2009,1,TOR,1,0,0
kaberto01,2010,1,TOR,1,0,0
kaberto01,2011,2,MTL,0,1,0
kadrina01,2010,1,TOR,4,2,1
kadrina01,2011,1,TOR,1,3,1
kaletpa01,2009,1,BUF,1,0,0
kaneev01,2010,1,ATL,4,0,0
kaneev01,2011,1,WPG,1,2,1
kanepa01,2007,1,CHI,9,7,3
kanepa01,2008,1,CHI,9,3,1
kanepa01,2009,1,CHI,15,4,0
kanepa01,2010,1,CHI,10,3,2
kanepa01,2011,1,CHI,6,12,4
kapanni01,2005,1,DAL,1,0,0
kapanni01,2006,2,PHO,1,0,0
kapanni01,2007,1,PHO,1,0,0
kapansa01,2006,1,PHI,1,0,0
kariypa01,2005,1,NAS,7,5,2
kariypa01,2006,1,NAS,11,7,1
kariypa01,2007,1,STL,6,0,0
kariypa01,2008,1,STL,1,0,0
kariypa01,2009,1,STL,1,0,0
karlser01,2010,1,OTT,3,1,1
karlser01,2011,1,OTT,0,1,0
kenneti01,2009,1,BUF,1,0,0
kennety01,2010,1,PIT,3,0,0
keslery01,2005,1,VAN,2,0,0
keslery01,2006,1,VAN,3,2,1
keslery01,2007,1,VAN,9,1,0
keslery01,2008,1,VAN,3,1,0
keslery01,2009,1,VAN,5,3,0
keslery01,2010,1,VAN,8,2,1
keslery01,2011,1,VAN,1,5,1
kesseph01,2006,1,BOS,7,4,4
kesseph01,2007,1,BOS,13,5,5
kesseph01,2008,1,BOS,8,1,0
kesseph01,2009,1,TOR,7,3,2
kesseph01,2010,1,TOR,8,1,1
kesseph01,2011,1,TOR,1,7,1
klepija01,2005,1,WAS,2,0,0
knublmi01,2005,1,PHI,2,0,0
knublmi01,2006,1,PHI,1,0,0
knublmi01,2009,1,WAS,2,1,1
knublmi01,2010,1,WAS,2,1,1
kobasch01,2005,1,CAL,4,0,0
kobasch01,2006,1,CAL,1,0,0
kobasch01,2007,1,BOS,3,0,0
kobasch01,2009,2,MIN,1,0,0
koistvi01,2008,1,NAS,4,3,1
koistvi01,2009,1,FLO,2,1,1
koivumi01,2005,1,MIN,6,4,1
koivumi01,2006,1,MIN,15,8,4
koivumi01,2007,1,MIN,7,1,1
koivumi01,2008,1,MIN,6,2,1
koivumi01,2009,1,MIN,12,5,2
koivumi01,2010,1,MIN,6,3,1
koivumi01,2011,1,MIN,4,12,0
koivusa01,2006,1,MTL,9,5,2
koivusa01,2007,1,MTL,11,5,2
koivusa01,2008,1,MTL,6,1,1
koivusa01,2009,1,AND,3,1,1
koivusa01,2010,1,AND,2,0,0
koivusa01,2011,1,AND,1,4,1
kolankr01,2008,1,MIN,1,0,0
kolankr01,2011,1,CAL,0,1,0
kolniju01,2005,1,FLO,1,0,0
kolniju01,2006,1,FLO,1,0,0
koltsko01,2005,1,PIT,1,0,0
kondrma01,2005,1,NYR,1,0,0
konopze01,2006,1,CBS,1,0,0
kopecto01,2009,1,CHI,3,1,0
kopecto01,2011,1,FLO,0,2,0
kopitan01,2006,1,LAK,9,5,2
kopitan01,2007,1,LAK,8,3,0
kopitan01,2008,1,LAK,7,2,0
kopitan01,2009,1,LAK,16,8,4
kopitan01,2010,1,LAK,10,3,2
kopitan01,2011,1,LAK,1,9,0
korpila01,2009,1,PHO,17,7,2
korpila01,2010,1,PHO,4,0,0
korpila01,2011,1,PHO,0,2,0
kostian01,2006,1,MTL,2,1,1
kostian01,2007,1,MTL,6,2,2
kostian01,2008,1,MTL,5,0,0
kostian01,2009,1,MTL,4,2,1
kostian01,2010,1,MTL,3,0,0
kostian01,2011,1,MTL,0,2,0
kostian01,2011,2,NAS,1,2,1
kostise01,2007,1,MTL,1,0,0
kostise01,2010,1,NAS,1,0,0
kostise01,2011,1,NAS,0,2,0
kostoto01,2006,1,LAK,1,0,0
kotalal01,2005,1,BUF,6,2,1
kotalal01,2006,1,BUF,7,5,4
kotalal01,2007,1,BUF,12,5,1
kotalal01,2008,1,BUF,11,6,4
kotalal01,2008,2,EDM,2,2,1
kotalal01,2009,1,NYR,4,1,0
kotalal01,2010,1,CAL,2,1,0
kovalal01,2005,1,MTL,4,1,0
kovalal01,2006,1,MTL,9,4,1
kovalal01,2007,1,MTL,7,1,0
kovalal01,2008,1,MTL,8,4,2
kovalal01,2009,1,OTT,9,5,2
kovalal01,2010,1,OTT,4,1,0
kovalal01,2010,2,PIT,6,3,2
kovalil01,2005,1,ATL,10,1,0
kovalil01,2006,1,ATL,4,1,0
kovalil01,2007,1,ATL,10,4,2
kovalil01,2008,1,ATL,5,1,0
kovalil01,2009,1,ATL,7,2,1
kovalil01,2009,2,NJD,1,0,0
kovalil01,2010,1,NJD,5,2,1
kovalil01,2011,1,NJD,11,14,7
kozlovi01,2005,1,NJD,12,8,5
kozlovi01,2006,1,NYI,13,5,2
kozlovi01,2007,1,WAS,7,3,1
kozlovi01,2008,1,WAS,5,1,1
kozlovy01,2005,1,ATL,7,5,2
kozlovy01,2006,1,ATL,11,7,5
kozlovy01,2007,1,ATL,14,5,1
kozlovy01,2008,1,ATL,8,6,3
kozlovy01,2009,1,ATL,6,4,0
krejcda01,2007,1,BOS,5,1,0
krejcda01,2008,1,BOS,3,1,0
krejcda01,2009,1,BOS,10,4,3
krejcda01,2010,1,BOS,2,0,0
krejcda01,2011,1,BOS,5,10,2
krepska01,2007,1,FLO,2,1,0
krepska01,2008,1,FLO,1,0,0
krepska01,2009,1,FLO,2,1,0
kronwni01,2009,1,DET,2,1,1
krugema01,2011,1,CHI,0,1,0
kubafi01,2005,1,MIN,1,0,0
kubafi01,2006,1,TBL,2,0,0
kubalto01,2010,1,CBS,1,0,0
kubinpa01,2005,1,TBL,1,0,0
kubinpa01,2007,1,TOR,1,0,0
kubinpa01,2008,1,TOR,1,0,0
kubinpa01,2010,1,TBL,1,0,0
kulemni01,2008,1,TOR,9,3,1
kulemni01,2009,1,TOR,4,3,1
kulemni01,2010,1,TOR,4,0,0
kulemni01,2011,1,TOR,0,1,0
kulikdm01,2011,1,FLO,2,4,1
kunitch01,2005,2,ANA,6,2,2
kunitch01,2006,1,AND,6,2,0
kunitch01,2007,1,AND,6,2,1
kunitch01,2008,1,AND,1,0,0
kunitch01,2008,2,PIT,1,0,0
kunitch01,2009,1,PIT,2,1,1
kunitch01,2010,1,PIT,5,2,2
kunitch01,2011,1,PIT,4,6,2
kwiatjo01,2006,1,FLO,1,0,0
laaksan01,2005,1,COL,3,1,1
laddan01,2009,1,CHI,4,1,1
laddan01,2010,1,ATL,5,2,1
laddan01,2011,1,WPG,1,3,1
laichbr01,2005,1,WAS,6,2,0
laichbr01,2006,1,WAS,2,0,0
laichbr01,2007,1,WAS,2,0,0
laichbr01,2008,1,WAS,1,0,0
laichbr01,2009,1,WAS,3,1,0
laichbr01,2010,1,WAS,1,0,0
laichbr01,2011,1,WAS,1,1,1
landean01,2011,1,EDM,0,2,0
landega01,2011,1,COL,1,2,1
langeja01,2005,1,NJD,3,0,0
langeja01,2006,1,NJD,5,3,1
langeja01,2007,1,NJD,6,3,2
langeja01,2008,1,NJD,5,3,1
langeja01,2009,1,NJD,9,3,2
langeja01,2010,1,NJD,1,1,0
langeja01,2010,2,DAL,1,0,0
langeja01,2011,1,STL,0,3,0
langfjo01,2006,1,DET,2,0,0
langkda01,2006,1,CAL,1,0,0
langkda01,2011,1,PHO,0,1,0
langro01,2005,1,DET,2,0,0
langro01,2007,1,CHI,2,1,1
langro01,2008,1,MTL,1,0,0
langro01,2009,1,PHO,8,5,2
laperia01,2007,1,COL,1,0,0
lapiema01,2008,1,MTL,3,2,1
lapiema01,2009,1,MTL,3,1,1
lapiema01,2011,1,VAN,1,2,0
larosch01,2009,1,CAR,1,1,1
larosch01,2011,1,CAR,0,2,0
latengu01,2006,1,MTL,1,0,0
latengu01,2009,1,MTL,1,0,0
latengu01,2009,2,MIN,5,1,1
leblalo01,2011,1,MTL,0,2,0
lecavvi01,2005,1,TBL,9,4,1
lecavvi01,2006,1,TBL,12,3,2
lecavvi01,2007,1,TBL,3,1,0
lecavvi01,2008,1,TBL,11,3,0
lecavvi01,2009,1,TBL,8,1,1
lecavvi01,2010,1,TBL,5,0,0
lecavvi01,2011,1,TBL,0,1,0
leclajo01,2005,1,PIT,1,0,0
legwada01,2007,1,NAS,1,0,0
legwada01,2008,1,NAS,3,1,1
legwada01,2009,1,NAS,9,4,2
legwada01,2010,1,NAS,3,0,0
legwada01,2011,1,NAS,2,4,1
lehtije01,2005,1,DAL,1,0,0
lehtije01,2006,1,DAL,3,1,1
lehtije01,2007,1,DAL,2,0,0
lehtije01,2008,1,DAL,3,2,0
lehtije01,2009,1,DAL,4,1,0
leinovi01,2009,1,DET,3,0,0
leinovi01,2010,1,PHI,4,2,1
leinovi01,2011,1,BUF,0,1,0
lemiema01,2005,1,PIT,3,0,0
leopojo01,2008,1,COL,1,1,1
leopojo01,2010,1,BUF,1,0,0
letankr01,2007,1,PIT,8,5,3
letankr01,2008,1,PIT,8,2,1
letankr01,2009,1,PIT,10,4,3
letankr01,2010,1,PIT,13,3,1
letankr01,2011,1,PIT,2,9,1
letesma01,2010,1,PIT,4,1,1
letesma01,2011,2,CBS,2,5,0
letowtr01,2005,1,CBS,4,2,1
lewistr01,2011,1,LAK,0,1,0
lilesjo01,2007,1,COL,1,1,0
lilesjo01,2009,1,COL,1,0,0
lindetr01,2006,1,VAN,3,2,1
lindetr01,2007,1,VAN,9,5,0
lindrer01,2005,1,TOR,3,1,1
lindrer01,2006,1,DAL,1,1,0
lindsjo01,2007,1,CBS,1,0,0
lindsjo01,2008,1,PHO,3,0,0
lindsjo01,2011,1,COL,1,1,1
lisinen01,2009,1,NYR,1,0,0
littlbr01,2007,1,ATL,1,1,0
littlbr01,2008,1,ATL,7,1,0
littlbr01,2009,1,ATL,4,1,1
littlbr01,2010,1,ATL,10,3,0
littlbr01,2011,1,WPG,2,5,2
lombama01,2005,1,CAL,3,1,0
lombama01,2006,1,CAL,2,0,0
lombama01,2007,1,CAL,1,0,0
lombama01,2008,2,PHO,1,0,0
lombama01,2009,1,PHO,3,1,1
lucicmi01,2010,1,BOS,1,0,0
lundmja01,2005,2,PHO,1,0,0
lundmja01,2006,2,LAK,3,2,0
lundmja01,2009,1,CAL,4,2,2
lundmja01,2009,2,TOR,1,0,0
lupuljo01,2005,1,ANA,2,0,0
lupuljo01,2006,1,EDM,2,0,0
lupuljo01,2007,1,PHI,1,1,0
lupuljo01,2008,1,PHI,2,0,0
lupuljo01,2009,1,AND,2,1,0
lupuljo01,2010,1,AND,3,1,0
lupuljo01,2010,2,TOR,2,0,0
lupuljo01,2011,1,TOR,2,3,2
lydmato01,2008,1,BUF,1,1,1
lydmato01,2010,1,AND,1,0,0
macarcl01,2006,1,BUF,1,0,0
macarcl01,2007,1,BUF,3,0,0
macarcl01,2008,1,BUF,1,0,0
macarcl01,2009,1,BUF,2,0,0
macarcl01,2009,2,ATL,1,0,0
macarcl01,2010,1,TOR,1,0,0
mackede01,2010,1,CBS,1,0,0
maddejo01,2005,1,NJD,2,0,0
maddejo01,2006,1,NJD,6,4,3
maddejo01,2007,1,NJD,2,0,0
maddejo01,2009,1,CHI,2,0,0
maddejo01,2010,1,MIN,1,1,1
maddejo01,2011,1,FLO,0,2,0
mairad01,2009,1,BUF,1,0,0
malhoma01,2006,1,CBS,2,1,1
malhoma01,2009,1,SJS,1,0,0
malikma01,2005,1,NYR,1,1,1
malkiev01,2006,1,PIT,12,3,2
malkiev01,2007,1,PIT,5,0,0
malkiev01,2008,1,PIT,7,2,1
malkiev01,2009,1,PIT,2,1,0
malkiev01,2010,1,PIT,3,1,0
malkiev01,2011,1,PIT,8,11,3
malonry01,2005,1,PIT,2,0,0
malonry01,2008,1,TBL,4,1,1
malonry01,2009,1,TBL,1,0,0
malonry01,2010,1,TBL,3,2,2
malonry01,2011,1,TBL,0,3,0
marchto01,2007,1,AND,1,0,0
markoan01,2007,1,MTL,2,1,1
markoan01,2008,1,MTL,7,3,1
markoan01,2009,1,MTL,1,0,0
markoan01,2011,1,MTL,0,2,0
marlepa01,2005,1,SJS,5,0,0
marlepa01,2006,1,SJS,1,0,0
marlepa01,2007,1,SJS,8,4,1
marlepa01,2008,1,SJS,2,1,0
marlepa01,2009,1,SJS,7,2,1
marlepa01,2010,1,SJS,3,0,0
marlepa01,2011,1,SJS,0,1,0
martima02,2010,1,NYI,1,0,0
matthsh01,2009,1,FLO,1,0,0
matthsh01,2011,1,FLO,0,1,0
mayorma01,2010,1,CBS,2,1,1
mcammde01,2005,1,STL,6,1,0
mcammde01,2006,1,OTT,5,2,1
mcammde01,2007,1,OTT,3,1,1
mcammde01,2008,1,OTT,1,0,0
mccleja01,2005,1,STL,4,2,0
mcdonan01,2005,1,ANA,6,2,0
mcdonan01,2006,1,AND,10,1,0
mcdonan01,2007,1,AND,2,2,0
mcdonan01,2007,2,STL,3,1,1
mcdonan01,2008,1,STL,6,2,0
mcdonan01,2009,1,STL,9,4,1
mcdonan01,2010,1,STL,5,3,1
mcdonan01,2011,1,STL,2,4,0
mcginja01,2009,1,SJS,1,0,0
mcleabr01,2006,1,COL,3,2,1
mcleoco01,2007,1,COL,1,1,1
meszaan01,2009,1,TBL,1,0,0
metrogl01,2006,2,STL,1,0,0
metrogl01,2007,1,BOS,1,0,0
meyerfr01,2006,1,PHI,1,0,0
michami01,2005,1,SJS,2,1,0
michami01,2007,1,SJS,1,0,0
michami01,2008,1,SJS,4,1,0
michami01,2009,1,OTT,1,0,0
michami01,2011,1,OTT,4,10,1
mielean01,2011,1,PHO,0,1,0
miettan01,2005,1,DAL,5,2,2
miettan01,2006,1,DAL,3,0,0
miettan01,2007,1,DAL,1,1,0
miettan01,2008,1,MIN,5,3,1
miettan01,2009,1,MIN,7,2,0
miettan01,2010,1,MIN,4,0,0
miettan01,2011,1,WPG,0,1,0
milledr01,2009,2,DET,2,1,1
mitchjo02,2008,1,TOR,2,1,1
mitchjo02,2009,1,TOR,3,2,1
mitchjo02,2010,1,TOR,1,1,0
mitchjo02,2011,1,NYR,0,4,0
mitchto01,2007,1,SJS,2,0,0
mitchto01,2009,1,SJS,1,0,0
modanmi01,2005,1,DAL,7,3,2
modanmi01,2006,1,DAL,3,0,0
modanmi01,2007,1,DAL,6,2,1
modanmi01,2008,1,DAL,5,2,1
modanmi01,2009,1,DAL,7,1,1
modanmi01,2010,1,DET,2,0,0
modinfr01,2006,1,CBS,3,0,0
moentr01,2008,1,AND,1,0,0
moentr01,2011,1,MTL,0,1,0
mogilal01,2005,1,NJD,4,0,0
molleos01,2008,1,LAK,1,0,0
molleos01,2009,1,LAK,1,0,0
montast01,2006,1,FLO,2,1,0
montast01,2007,1,FLO,2,0,0
montast01,2008,1,AND,1,0,0
mooredo01,2005,1,NYR,1,0,0
mooredo01,2010,1,TBL,6,3,2
mooredo01,2011,1,TBL,2,4,2
mooredo01,2011,2,SJS,0,1,0
moreaet01,2007,1,EDM,1,0,0
morribr01,2006,1,VAN,9,6,0
morribr01,2007,1,VAN,3,0,0
morribr01,2008,1,AND,1,0,0
morribr01,2009,1,WAS,5,1,0
morribr01,2010,1,CAL,2,0,0
morrobr01,2005,1,DAL,1,1,1
morrobr01,2007,1,DAL,1,1,1
morrobr01,2009,1,DAL,2,0,0
morrobr01,2010,1,DAL,1,1,0
morrobr01,2011,1,DAL,0,1,0
moulsma01,2009,1,NYI,7,4,2
moulsma01,2010,1,NYI,2,0,0
moulsma01,2011,1,NYI,2,4,1
muellpe01,2007,1,PHO,10,3,3
muellpe01,2008,1,PHO,6,3,0
muellpe01,2009,1,PHO,7,2,0
muellpe01,2009,2,COL,1,1,0
muellpe01,2011,1,COL,2,3,1
muirbr01,2005,1,WAS,1,1,0
murragl01,2005,1,BOS,5,1,0
murragl01,2006,1,BOS,4,0,0
myersty01,2009,1,BUF,3,1,1
myersty01,2010,1,BUF,1,0,0
nagyla01,2005,1,PHO,5,1,1
nagyla01,2006,1,PHO,4,3,3
nagyla01,2006,2,DAL,2,1,1
nashri01,2005,1,CBS,8,3,2
nashri01,2006,1,CBS,5,1,0
nashri01,2007,1,CBS,10,4,2
nashri01,2008,1,CBS,11,4,1
nashri01,2009,1,CBS,12,5,0
nashri01,2010,1,CBS,12,5,1
nashri01,2011,1,CBS,4,9,3
nasluma02,2005,1,VAN,7,2,1
nasluma02,2006,1,VAN,7,2,1
nasluma02,2007,1,VAN,5,1,0
nasluma02,2008,1,NYR,12,5,1
nealja01,2008,1,DAL,7,5,2
nealja01,2009,1,DAL,10,0,0
nealja01,2010,1,DAL,2,0,0
nealja01,2010,2,PIT,4,3,2
nealja01,2011,1,PIT,4,9,2
nedvepe01,2005,1,PHO,1,0,0
nedvepe01,2005,2,PHI,3,1,1
nedvepe01,2006,1,PHI,2,0,0
niedeni01,2011,1,NYI,0,1,0
niedero01,2005,1,ANA,1,1,1
niedero01,2006,1,AND,2,0,0
niedero01,2008,1,AND,1,0,0
niedesc01,2005,1,ANA,1,0,0
niedesc01,2008,1,AND,1,0,0
nielsfr01,2006,1,NYI,1,1,0
nielsfr01,2007,1,NYI,1,0,0
nielsfr01,2008,1,NYI,5,3,1
nielsfr01,2009,1,NYI,12,7,2
nielsfr01,2010,1,NYI,8,5,2
nielsfr01,2011,1,NYI,7,11,4
niemivi01,2005,1,NYR,1,1,0
nieuwjo01,2005,1,FLO,7,2,2
nieuwjo01,2006,1,FLO,2,0,0
nilssro01,2005,1,NYI,2,1,1
nilssro01,2007,1,EDM,7,4,1
nilssro01,2008,1,EDM,5,2,1
nilssro01,2009,1,EDM,6,1,0
niskama01,2009,1,DAL,3,1,1
nolanow01,2006,1,PHO,1,0,0
nolanow01,2007,1,CAL,2,0,0
nolanow01,2008,1,MIN,1,0,0
nolanow01,2009,1,MIN,4,2,1
novotji01,2006,2,WAS,1,0,0
novotji01,2007,1,CBS,2,0,0
novotji01,2008,1,CBS,1,0,0
nugenry01,2011,1,EDM,2,5,2
nummepe01,2006,1,MIN,7,6,1
nummepe01,2007,1,MIN,3,2,0
nylanmi01,2005,1,NYR,11,5,0
nylanmi01,2006,1,NYR,13,5,1
nylanmi01,2007,1,WAS,1,0,0
nylanmi01,2008,1,WAS,3,1,1
ohlunma01,2008,1,VAN,1,1,1
ohlunma01,2009,1,TBL,1,0,0
okposky01,2007,1,NYI,2,1,0
okposky01,2008,1,NYI,4,0,0
okposky01,2009,1,NYI,4,0,0
okposky01,2010,1,NYI,2,1,1
okposky01,2011,1,NYI,0,2,0
oleszro01,2005,1,FLO,1,0,0
oleszro01,2006,1,FLO,3,0,0
oleszro01,2007,1,FLO,3,0,0
oleszro01,2008,1,FLO,2,1,0
oleszro01,2009,1,FLO,9,2,1
omarkli01,2010,1,EDM,5,2,1
omarkli01,2011,1,EDM,0,2,0
oneilje01,2005,1,TOR,1,0,0
oneilje01,2006,1,TOR,2,1,1
oreilca01,2009,1,NAS,4,2,1
oreilca01,2010,1,NAS,6,3,1
oreilca01,2011,1,NAS,0,1,0
oreilca01,2011,3,PIT,0,1,0
oreilry01,2009,1,COL,3,1,0
oreilry01,2010,1,COL,2,1,1
oreilry01,2011,1,COL,2,5,2
orlovdm01,2011,1,WAS,0,1,0
ortmeje01,2005,1,NYR,1,0,0
oshietj01,2008,1,STL,6,2,2
oshietj01,2009,1,STL,8,5,2
oshietj01,2010,1,STL,5,4,1
oshietj01,2011,1,STL,5,14,2
osullpa01,2006,1,LAK,2,0,0
osullpa01,2007,1,LAK,5,4,3
osullpa01,2008,1,LAK,9,3,1
osullpa01,2008,2,EDM,2,1,1
osullpa01,2009,1,EDM,11,4,1
osullpa01,2010,1,CAR,1,0,0
osullpa01,2010,2,MIN,1,1,0
osullpa01,2011,1,PHO,2,3,1
ottst01,2009,1,DAL,2,1,1
ottst01,2010,1,DAL,1,0,0
ottst01,2011,1,DAL,0,1,0
ouellmi01,2005,1,PIT,3,1,0
ouellmi01,2006,1,PIT,1,0,0
ovechal01,2005,1,WAS,13,6,3
ovechal01,2006,1,WAS,12,2,0
ovechal01,2007,1,WAS,6,1,0
ovechal01,2008,1,WAS,7,2,0
ovechal01,2009,1,WAS,9,2,1
ovechal01,2010,1,WAS,10,4,3
ovechal01,2011,1,WAS,3,8,0
paajama01,2010,1,EDM,2,0,0
pacioma01,2010,1,MTL,2,1,0
pacioma01,2011,1,MTL,2,13,1
pahlssa01,2006,1,AND,1,0,0
pahlssa01,2008,1,AND,1,0,0
pahlssa01,2009,1,CBS,1,0,0
palffzi01,2005,1,PIT,2,0,0
palmiky01,2011,1,AND,0,1,0
parenpi01,2009,1,NYR,3,3,2
parenpi01,2010,1,NYI,8,2,1
parenpi01,2011,1,NYI,2,6,1
parisza01,2005,1,NJD,3,1,1
parisza01,2006,1,NJD,14,7,2
parisza01,2007,1,NJD,11,4,3
parisza01,2008,1,NJD,8,4,2
parisza01,2009,1,NJD,11,5,1
parisza01,2011,1,NJD,8,16,0
parkri01,2005,1,VAN,1,0,0
parkri01,2007,1,NYI,5,2,2
parkri01,2008,1,NYI,2,1,1
parkri01,2009,1,NYI,2,0,0
parrima01,2005,1,NYI,2,0,0
parrima01,2005,2,LAK,1,0,0
parrima01,2006,1,MIN,2,0,0
parrima01,2008,1,DAL,1,0,0
parsesc01,2009,1,LAK,1,0,0
paveljo01,2006,1,SJS,3,3,0
paveljo01,2007,1,SJS,11,7,0
paveljo01,2008,1,SJS,10,4,2
paveljo01,2009,1,SJS,9,3,2
paveljo01,2010,1,SJS,9,2,1
paveljo01,2011,1,SJS,4,10,2
pecami01,2005,1,EDM,5,2,0
pecami01,2007,1,CBS,4,1,0
peltovi01,2006,1,FLO,7,3,0
peltovi01,2007,1,FLO,4,0,0
peltovi01,2008,1,FLO,1,0,0
pennedu01,2007,1,EDM,1,0,0
pennedu01,2009,1,EDM,6,1,0
pennedu01,2010,1,EDM,3,0,0
pennedu01,2010,2,LAK,1,0,0
perezal01,2005,1,MTL,3,0,0
perezal01,2006,1,MTL,2,0,0
perrajo01,2007,1,PHO,4,1,0
perrema01,2009,1,WAS,1,0,0
perrema01,2010,1,WAS,2,0,0
perrema01,2011,1,WAS,0,1,0
perreya01,2006,1,PHO,4,1,0
perreya01,2006,2,TOR,2,1,0
perreya01,2007,1,CHI,2,0,0
perrier01,2006,1,TBL,4,0,0
perrier01,2007,1,ATL,4,2,2
perrier01,2008,1,ATL,2,0,0
perroda01,2007,1,STL,5,0,0
perroda01,2008,1,STL,6,3,2
perroda01,2009,1,STL,5,1,1
perroda01,2011,1,STL,1,7,1
perryco01,2005,1,ANA,2,0,0
perryco01,2006,1,AND,6,1,1
perryco01,2007,1,AND,7,4,3
perryco01,2008,1,AND,10,5,2
perryco01,2009,1,AND,13,3,0
perryco01,2010,1,AND,6,1,1
perryco01,2011,1,AND,2,9,0
petroro02,2005,1,ATL,1,0,0
pettima01,2005,1,WAS,7,3,2
pettima01,2006,1,WAS,4,1,0
pettima01,2007,1,WAS,2,0,0
peverri01,2007,1,NAS,1,1,0
peverri01,2008,1,NAS,4,1,1
peverri01,2008,2,ATL,3,0,0
peverri01,2009,1,ATL,8,3,2
peverri01,2010,1,ATL,4,0,0
peverri01,2010,2,BOS,1,0,0
peverri01,2011,1,BOS,1,4,0
phanedi01,2005,1,CAL,1,0,0
phanedi01,2006,1,CAL,2,0,0
phanedi01,2007,1,CAL,3,0,0
picaral02,2006,1,CBS,1,0,0
pietral01,2011,1,STL,0,1,0
pirjela01,2005,1,PIT,1,0,0
pisanfe01,2005,1,EDM,7,3,2
pisanfe01,2006,1,EDM,3,1,0
pisanfe01,2007,1,EDM,3,2,2
pisanfe01,2009,1,EDM,1,0,0
pitkajo01,2006,1,PHI,1,0,0
plattge01,2006,1,CBS,1,0,0
plekato01,2006,1,MTL,3,1,0
plekato01,2007,1,MTL,4,0,0
plekato01,2008,1,MTL,3,0,0
plekato01,2009,1,MTL,6,1,1
plekato01,2010,1,MTL,2,1,0
plekato01,2011,1,MTL,1,5,1
plihato01,2007,1,SJS,1,0,0
pohljo01,2006,1,TOR,2,1,1
pohljo01,2007,1,TOR,1,0,0
pominja01,2005,1,BUF,2,0,0
pominja01,2006,1,BUF,2,0,0
pominja01,2007,1,BUF,4,2,0
pominja01,2008,1,BUF,5,2,1
pominja01,2009,1,BUF,9,5,2
pominja01,2010,1,BUF,4,0,0
pominja01,2011,1,BUF,5,13,0
ponikal01,2005,1,TOR,5,1,0
ponikal01,2006,1,TOR,7,0,0
porteke01,2010,1,COL,2,1,1
pothibr01,2006,1,WAS,1,0,0
pothibr01,2007,1,WAS,1,0,0
potito01,2006,1,NYI,2,0,0
potito01,2007,1,WAS,1,0,0
potulry01,2009,1,EDM,5,3,0
poulibe01,2009,2,MTL,1,0,0
poulibe01,2010,1,MTL,4,1,1
poulibe01,2011,1,BOS,1,3,1
poulima01,2008,1,EDM,3,1,0
poulima01,2009,1,EDM,2,0,0
poulima01,2010,1,TBL,1,0,0
prongch01,2006,1,AND,1,0,0
prongch01,2007,1,AND,1,0,0
prongch01,2008,1,AND,1,0,0
prospva01,2005,1,TBL,3,2,1
prospva01,2006,1,TBL,5,2,1
prospva01,2007,1,TBL,1,1,1
prospva01,2008,1,TBL,5,0,0
prospva01,2009,1,NYR,1,1,0
prospva01,2011,1,CBS,0,1,0
pruchpe01,2005,1,NYR,5,2,2
pruchpe01,2006,1,NYR,6,0,0
pruchpe01,2007,1,NYR,4,1,1
pruchpe01,2008,2,PHO,1,0,0
pruchpe01,2009,1,PHO,4,1,0
purcete01,2008,1,LAK,2,0,0
purcete01,2009,2,TBL,2,1,1
purcete01,2010,1,TBL,4,0,0
purcete01,2011,1,TBL,1,2,1
pyattta01,2006,1,VAN,2,0,0
pyattta01,2007,1,VAN,8,1,1
pyattta01,2008,1,VAN,2,0,0
pyattta01,2009,1,PHO,1,0,0
pyattto01,2010,1,MTL,1,0,0
pyattto01,2011,1,TBL,0,1,0
pyorami01,2009,1,PHI,1,1,1
rachuka01,2007,1,NJD,1,0,0
radulal01,2006,1,NAS,6,3,2
radulal01,2007,1,NAS,8,1,1
radulal01,2011,1,NAS,1,1,1
raymoma01,2007,1,VAN,3,1,1
raymoma01,2008,1,VAN,1,0,0
raymoma01,2009,1,VAN,4,1,0
raymoma01,2010,1,VAN,6,2,0
raymoma01,2011,1,VAN,2,9,2
readma01,2011,1,PHI,4,6,1
reasoma01,2005,2,BOS,1,0,0
reasoma01,2006,1,EDM,1,1,1
reasoma01,2007,1,EDM,3,0,0
reasoma01,2010,1,FLO,1,0,0
recchma01,2005,1,PIT,3,0,0
recchma01,2005,2,CAR,1,0,0
recchma01,2007,1,PIT,1,0,0
recchma01,2007,2,ATL,4,1,1
recchma01,2008,1,TBL,1,0,0
recchma01,2009,1,BOS,4,1,1
reinpst01,2005,1,CAL,2,1,1
reinpst01,2005,2,PHO,1,1,1
reinpst01,2006,1,PHO,2,0,0
reinpst01,2007,1,PHO,2,0,0
reinpst01,2008,1,PHO,3,2,0
reinpst01,2009,1,FLO,13,3,0
reinpst01,2010,1,FLO,1,0,0
repikmi01,2010,1,FLO,1,0,0
ribeimi01,2005,1,MTL,1,1,0
ribeimi01,2006,1,DAL,9,4,2
ribeimi01,2007,1,DAL,5,1,0
ribeimi01,2008,1,DAL,11,6,2
ribeimi01,2009,1,DAL,12,1,0
ribeimi01,2010,1,DAL,10,6,1
ribeimi01,2011,1,DAL,2,7,2
richabr01,2005,1,TBL,9,6,4
richabr01,2006,1,TBL,12,5,2
richabr01,2007,1,TBL,3,2,1
richabr01,2007,2,DAL,1,1,0
richabr01,2008,1,DAL,7,2,1
richabr01,2009,1,DAL,16,4,0
richabr01,2010,1,DAL,12,5,3
richabr01,2011,1,NYR,1,9,0
richabr02,2009,1,LAK,1,0,0
richami02,2005,1,PHI,7,3,1
richami02,2006,1,PHI,3,0,0
richami02,2007,1,PHI,6,2,1
richami02,2008,1,PHI,10,4,2
richami02,2009,1,PHI,6,1,0
richami02,2010,1,PHI,5,1,0
richami02,2011,1,LAK,3,9,2
rissmpa01,2007,1,SJS,1,0,0
ritaja01,2005,2,PIT,1,0,0
ritchby01,2006,1,CAL,3,2,0
ritchby01,2007,1,VAN,1,0,0
ritolma01,2010,1,TBL,1,0,0
roberga01,2006,1,FLO,1,0,0
robidst01,2009,1,DAL,4,1,1
robidst01,2010,1,DAL,1,0,0
robitlu01,2005,1,LAK,3,2,1
robitra01,2005,1,MIN,4,1,1
robitra01,2006,1,PHI,1,0,0
robitra01,2006,2,NYI,3,2,1
robitra01,2007,1,OTT,1,0,0
rodnebr01,2009,1,CAR,1,0,0
roenije01,2005,1,LAK,2,1,0
roenije01,2006,1,PHO,1,0,0
roenije01,2007,1,SJS,5,4,3
roenije01,2008,1,SJS,4,1,0
rolstbr01,2005,1,MIN,7,3,3
rolstbr01,2006,1,MIN,12,5,1
rolstbr01,2007,1,MIN,5,1,0
rolstbr01,2008,1,NJD,1,0,0
rolstbr01,2010,1,NJD,2,1,1
royde01,2005,1,BUF,2,1,0
royde01,2006,1,BUF,1,0,0
royde01,2007,1,BUF,5,1,1
royde01,2008,1,BUF,9,4,1
royde01,2009,1,BUF,5,1,0
royde01,2010,1,BUF,2,1,1
royde01,2011,1,BUF,2,5,2
rozsimi01,2005,1,NYR,1,0,0
rozsimi01,2006,1,NYR,1,0,0
rozsimi01,2007,1,NYR,1,0,0
rozsimi01,2010,1,NYR,1,0,0
rucinma01,2005,1,NYR,2,0,0
rucinma01,2006,1,STL,6,2,1
rucinma01,2007,1,STL,1,0,0
rundbda01,2011,1,OTT,0,1,0
russekr01,2009,1,CBS,1,0,0
ruutuja01,2005,1,VAN,4,2,1
ruutuja01,2006,1,PIT,2,1,1
ruutuja01,2007,1,PIT,6,3,1
ruutuja01,2008,1,OTT,5,2,0
ruutuja01,2009,1,OTT,1,0,0
ruututu01,2005,1,CHI,1,1,1
ruututu01,2006,1,CHI,4,2,1
ruututu01,2008,1,CAR,6,3,1
ruututu01,2009,1,CAR,6,2,1
ruututu01,2010,1,CAR,4,1,0
ruututu01,2011,1,CAR,0,1,0
ruzicst01,2006,1,PHI,1,0,0
ryanbo01,2007,1,AND,3,0,0
ryanbo01,2008,1,AND,6,1,1
ryanbo01,2009,1,AND,2,0,0
ryanbo01,2010,1,AND,3,2,2
ryanbo01,2011,1,AND,2,5,1
rydermi01,2005,1,MTL,4,0,0
rydermi01,2006,1,MTL,4,1,1
rydermi01,2007,1,MTL,1,0,0
rydermi01,2008,1,BOS,3,1,1
rydermi01,2009,1,BOS,10,2,1
rydermi01,2010,1,BOS,5,1,0
rydermi01,2011,1,DAL,1,7,0
sakicjo01,2005,1,COL,7,0,0
sakicjo01,2006,1,COL,8,4,2
sakicjo01,2007,1,COL,5,3,2
sakicjo01,2008,1,COL,1,0,0
salmeto01,2006,1,CHI,1,0,0
salosa01,2008,1,VAN,1,0,0
samsose01,2005,1,BOS,3,0,0
samsose01,2005,2,EDM,3,2,1
samsose01,2006,1,MTL,3,1,0
samsose01,2007,2,CAR,3,1,1
samsose01,2008,1,CAR,3,1,1
samsose01,2009,1,CAR,5,1,1
samsose01,2010,1,CAR,2,1,1
samsose01,2010,2,FLO,2,0,0
samuemi01,2005,1,DET,1,0,0
samuemi01,2006,1,DET,2,0,0
samuemi01,2009,1,VAN,3,1,1
samuemi01,2010,1,VAN,2,0,0
samuemi01,2011,1,VAN,0,1,0
samuemi01,2011,2,FLO,2,8,1
sandege01,2005,2,PHO,5,3,2
sandege01,2006,1,PHI,1,0,0
sandege01,2007,1,EDM,1,0,0
santomi01,2009,1,NAS,3,3,1
santomi01,2010,1,FLO,11,4,1
santomi01,2011,1,FLO,1,3,0
sapryol01,2005,1,PHO,2,0,0
satanmi01,2005,1,NYI,10,7,5
satanmi01,2006,1,NYI,13,5,2
satanmi01,2007,1,NYI,5,1,0
satanmi01,2008,1,PIT,4,0,0
satanmi01,2009,1,BOS,4,2,1
savarma01,2005,1,ATL,3,1,0
savarma01,2006,1,BOS,6,1,0
savarma01,2007,1,BOS,1,0,0
savarma01,2008,1,BOS,3,0,0
savarma01,2009,1,BOS,6,3,1
schenbr01,2011,1,PHI,0,1,0
schnema01,2007,1,AND,3,2,2
schrero01,2008,1,EDM,1,0,0
schrero01,2009,1,NYI,9,5,2
schrero01,2010,1,NYI,5,3,0
schrero01,2010,2,ATL,2,1,1
schwaja01,2011,1,STL,0,1,0
seabrbr01,2009,1,CHI,1,1,1
sedinda01,2005,1,VAN,3,1,1
sedinda01,2006,1,VAN,6,1,1
sedinda01,2007,1,VAN,5,1,1
sedinda01,2008,1,VAN,2,0,0
sedinda01,2010,1,VAN,5,1,0
sedinda01,2011,1,VAN,0,1,0
sedinhe01,2006,1,VAN,1,0,0
sedinhe01,2008,1,VAN,1,0,0
sedinhe01,2010,1,VAN,1,0,0
segalbr01,2010,1,DAL,1,0,0
seguity01,2010,1,BOS,8,4,1
seguity01,2011,1,BOS,6,12,4
sejnape01,2006,1,STL,1,0,0
selante01,2005,1,ANA,7,2,0
selante01,2006,1,AND,12,4,1
selante01,2007,1,AND,4,3,0
selante01,2008,1,AND,7,3,3
selante01,2009,1,AND,7,2,2
selante01,2010,1,AND,3,0,0
selante01,2011,1,AND,5,10,0
seminal01,2006,1,WAS,10,2,1
seminal01,2007,1,WAS,7,3,2
seminal01,2008,1,WAS,7,3,2
seminal01,2009,1,WAS,7,2,0
seminal01,2010,1,WAS,6,2,1
seminal01,2011,1,WAS,3,6,0
setogde01,2007,1,SJS,3,1,1
setogde01,2008,1,SJS,2,0,0
setogde01,2009,1,SJS,3,1,0
setogde01,2011,1,MIN,5,9,4
sextoda01,2009,1,AND,2,0,0
shanabr01,2005,1,DET,1,0,0
shanabr01,2006,1,NYR,8,3,2
shanabr01,2007,1,NYR,15,5,4
shanabr01,2008,1,NJD,1,1,1
shannry01,2006,1,AND,5,1,0
shannry01,2007,1,VAN,4,1,1
shannry01,2009,1,OTT,1,1,1
shannry01,2010,1,OTT,2,0,0
sharppa01,2005,2,CHI,2,0,0
sharppa01,2006,1,CHI,3,2,1
sharppa01,2007,1,CHI,5,1,1
sharppa01,2008,1,CHI,4,1,0
sharppa01,2009,1,CHI,10,2,2
sharppa01,2010,1,CHI,7,1,0
sharppa01,2011,1,CHI,1,8,0
shattke01,2011,1,STL,1,5,1
shawan01,2011,1,CHI,0,2,0
sillimi01,2005,1,STL,4,0,0
sillimi01,2005,2,NAS,1,1,0
sillimi01,2006,1,NYI,2,0,0
sillimi01,2007,1,NYI,3,2,1
simjo01,2005,1,PHI,1,0,0
simjo01,2006,1,ATL,2,1,1
simjo01,2009,1,NYI,1,0,0
simmowa01,2008,1,LAK,2,1,0
simmowa01,2009,1,LAK,3,1,0
simmowa01,2011,1,PHI,1,6,1
sjostfr01,2007,2,NYR,2,1,0
sjostfr01,2008,1,NYR,9,3,2
skinnje01,2010,1,CAR,10,4,3
skinnje01,2011,1,CAR,1,6,0
slateji01,2005,1,ATL,1,1,1
smithcr01,2011,1,NAS,0,4,0
smolibr01,2006,1,CHI,3,1,0
smolibr01,2006,2,VAN,1,1,0
smythry01,2005,1,EDM,13,4,2
smythry01,2006,1,EDM,2,1,1
smythry01,2006,2,NYI,2,0,0
smythry01,2007,1,COL,3,1,1
smythry01,2008,1,COL,4,1,1
smythry01,2009,1,LAK,6,1,0
smythry01,2011,1,EDM,0,2,0
sobotvl01,2010,1,STL,1,0,0
sourash01,2006,1,MTL,1,1,1
sourash01,2007,1,EDM,1,0,0
sourash01,2011,1,DAL,0,1,0
spaceja01,2005,1,CHI,1,1,0
spezzja01,2005,1,OTT,2,0,0
spezzja01,2006,1,OTT,3,0,0
spezzja01,2007,1,OTT,6,4,1
spezzja01,2008,1,OTT,10,3,1
spezzja01,2009,1,OTT,7,3,1
spezzja01,2010,1,OTT,5,1,1
spezzja01,2011,1,OTT,6,10,3
spurgja01,2011,1,MIN,0,1,0
staaler01,2005,1,CAR,4,1,1
staaler01,2006,1,CAR,3,0,0
staaler01,2007,1,CAR,2,1,0
staaler01,2008,1,CAR,2,0,0
staaler01,2009,1,CAR,2,0,0
staaler01,2010,1,CAR,1,0,0
staaler01,2011,1,CAR,1,4,1
staalma01,2010,1,NYR,1,0,0
staffdr01,2006,1,BUF,3,2,1
staffdr01,2007,1,BUF,4,1,1
staffdr01,2008,1,BUF,11,4,0
staffdr01,2009,1,BUF,8,2,0
staffdr01,2010,1,BUF,3,1,0
staffdr01,2011,1,BUF,0,4,0
stajama01,2006,1,TOR,3,1,0
stajama01,2008,1,TOR,1,0,0
stajama01,2011,1,CAL,0,1,0
stalbvi01,2010,1,CHI,2,2,2
stalbvi01,2011,1,CHI,0,5,0
stamkst01,2008,1,TBL,5,1,1
stamkst01,2009,1,TBL,9,3,1
stamkst01,2010,1,TBL,7,0,0
stamkst01,2011,1,TBL,1,4,0
staplti01,2008,1,TOR,1,1,1
staplti01,2010,1,ATL,1,1,1
staplti01,2011,1,WPG,0,1,0
stastpa01,2006,1,COL,3,0,0
stastpa01,2007,1,COL,1,0,0
stastpa01,2009,1,COL,4,0,0
steckda01,2007,1,WAS,1,0,0
steenal01,2006,1,TOR,2,1,0
steenal01,2007,1,TOR,3,1,0
steenal01,2008,1,TOR,1,0,0
steenal01,2009,1,STL,1,0,0
steenal01,2010,1,STL,5,3,1
steenal01,2011,1,STL,0,4,0
stefapa01,2006,1,DAL,1,0,0
stemple01,2005,1,STL,3,2,2
stemple01,2006,1,STL,8,4,3
stemple01,2007,1,STL,2,0,0
stemple01,2008,2,TOR,5,1,0
stemple01,2009,1,TOR,2,0,0
stemple01,2009,2,PHO,4,2,0
stemple01,2010,1,PHO,4,1,0
stemple01,2011,1,CAL,0,3,0
stepade01,2010,1,NYR,5,0,0
stepade01,2011,1,NYR,1,3,1
sterlbr01,2008,1,ATL,1,1,1
stevegr01,2005,1,SJS,1,0,0
stewach02,2008,1,COL,1,0,0
stewach02,2009,1,COL,7,3,3
stewach02,2010,1,COL,2,1,0
stewach02,2010,2,STL,2,0,0
stewach02,2011,1,STL,0,1,0
stillco01,2005,1,CAR,3,1,1
stillco01,2008,1,FLO,5,1,0
stillco01,2009,1,FLO,6,2,2
stillco01,2010,1,FLO,2,0,0
stlouma01,2005,1,TBL,3,0,0
stlouma01,2006,1,TBL,10,4,3
stlouma01,2007,1,TBL,3,0,0
stlouma01,2008,1,TBL,5,1,0
stlouma01,2009,1,TBL,3,0,0
stlouma01,2010,1,TBL,5,1,1
stlouma01,2011,1,TBL,1,2,0
stoary01,2010,1,COL,2,1,1
stollja01,2005,1,EDM,3,1,0
stollja01,2006,1,EDM,1,0,0
stollja01,2007,1,EDM,3,1,1
stollja01,2009,1,LAK,6,2,2
stollja01,2010,1,LAK,10,9,4
stollja01,2011,1,LAK,2,8,0
stpiema01,2006,1,CHI,1,0,0
stpiema01,2008,1,BOS,1,1,0
strakma01,2005,1,NYR,6,1,0
strakma01,2006,1,NYR,2,0,0
strakma01,2007,1,NYR,1,0,0
stralan01,2009,1,CBS,2,0,0
streima01,2006,1,MTL,1,0,0
streima01,2007,1,MTL,2,0,0
streima01,2008,1,NYI,1,0,0
streima01,2009,1,NYI,1,0,0
streima01,2011,1,NYI,0,1,0
strudja01,2005,1,NYR,1,1,0
stuarbr01,2005,2,BOS,1,0,0
stumpjo01,2005,1,FLO,3,0,0
stumpjo01,2006,1,FLO,4,2,1
stumpjo01,2007,1,FLO,3,1,1
sturmma01,2005,1,SJS,2,2,0
sturmma01,2005,2,BOS,4,0,0
sturmma01,2006,1,BOS,11,4,2
sturmma01,2007,1,BOS,8,1,1
sturmma01,2009,1,BOS,2,1,0
subbapk01,2010,1,MTL,2,0,0
subbapk01,2011,1,MTL,0,1,0
sullist01,2005,1,NAS,7,3,2
sullist01,2006,1,NAS,4,2,1
sullist01,2008,1,NAS,6,1,1
sullist01,2009,1,NAS,7,2,1
sullist01,2010,1,NAS,4,1,1
sullist01,2011,1,PIT,0,2,0
sundima01,2005,1,TOR,7,1,1
sundima01,2006,1,TOR,11,6,1
sundima01,2007,1,TOR,6,3,2
sundima01,2008,1,VAN,2,1,1
suthebr01,2005,1,WAS,1,0,0
suttebr03,2010,1,CAR,1,0,0
suttebr03,2011,1,CAR,0,1,0
svatoma01,2005,1,COL,5,2,0
svatoma01,2006,1,COL,5,1,0
svatoma01,2007,1,COL,7,2,1
svatoma01,2008,1,COL,9,3,3
svatoma01,2009,1,COL,7,4,0
svatoma01,2010,2,OTT,2,0,0
svitoal01,2006,1,CBS,1,0,0
sykorpe01,2005,1,ANA,1,0,0
sykorpe01,2005,2,NYR,6,5,3
sykorpe01,2006,1,EDM,5,1,0
sykorpe01,2007,1,PIT,7,2,0
sykorpe01,2008,1,PIT,8,3,1
sykorpe01,2011,1,NJD,0,1,0
sykorpe02,2005,1,WAS,1,1,1
taffeje01,2006,1,PHO,1,0,0
taffeje01,2009,1,FLO,1,0,0
tallihe01,2007,1,BUF,2,1,0
tallihe01,2009,1,BUF,1,0,0
tambeje01,2006,1,NYI,1,0,0
tambeje01,2007,1,NYI,1,1,1
tambeje01,2008,1,NYI,2,2,1
tambeje01,2009,1,NYI,5,3,0
tambeje01,2010,1,VAN,5,2,1
tangual01,2005,1,COL,6,2,1
tangual01,2006,1,CAL,7,3,2
tangual01,2007,1,CAL,2,0,0
tangual01,2008,1,MTL,5,2,2
tangual01,2009,1,TBL,4,0,0
tangual01,2010,1,CAL,16,10,4
tangual01,2011,1,CAL,1,8,0
tarnani01,2006,1,TBL,1,1,1
tavarjo01,2009,1,NYI,8,3,1
tavarjo01,2010,1,NYI,4,0,0
tavarjo01,2011,1,NYI,2,7,0
tedenma01,2010,1,NJD,3,0,0
tenkrpe01,2006,1,BOS,3,2,1
thomabi01,2005,1,PHO,1,0,0
thompna01,2011,1,TBL,0,1,0
thorbch01,2007,1,ATL,1,0,0
thorepa01,2006,1,EDM,1,0,0
thornjo01,2005,1,BOS,2,1,0
thornjo01,2005,2,SJS,3,0,0
thornjo01,2006,1,SJS,1,0,0
thornjo01,2007,1,SJS,1,1,1
thornjo01,2009,1,SJS,2,0,0
tikhovi01,2008,1,PHO,2,1,1
timonki01,2005,1,NAS,1,0,0
timonki01,2007,1,PHI,3,1,0
timonki01,2008,1,PHI,2,0,0
timonki01,2010,1,PHI,2,1,1
tjarnda01,2005,1,MIN,1,0,0
tkachke01,2005,1,STL,3,1,0
tkachke01,2006,1,STL,5,1,0
tkachke01,2006,2,ATL,1,1,0
tkachke01,2007,1,STL,1,0,0
tkachke01,2008,1,STL,1,0,0
tkachke01,2009,1,STL,1,0,0
tlustji01,2007,1,TOR,1,0,0
tlustji01,2011,1,CAR,0,1,0
toewsjo01,2007,1,CHI,2,0,0
toewsjo01,2008,1,CHI,10,6,2
toewsjo01,2009,1,CHI,14,8,3
toewsjo01,2010,1,CHI,11,5,2
toewsjo01,2011,1,CHI,3,7,2
torrera01,2005,1,EDM,5,1,1
torrera01,2006,1,EDM,1,1,1
torrera01,2007,1,EDM,3,1,0
torrera01,2009,1,CBS,1,0,0
torrera01,2010,1,VAN,1,1,1
tuckeda01,2005,1,TOR,4,1,1
tuckeda01,2006,1,TOR,6,1,0
tuckeda01,2007,1,TOR,1,0,0
tuckeda01,2008,1,COL,1,1,1
tuckeda01,2009,1,COL,3,1,0
turgepi01,2005,1,COL,1,0,0
turriky01,2007,1,PHO,1,1,0
turriky01,2008,1,PHO,4,1,1
turriky01,2010,1,PHO,4,1,0
tyutife01,2008,1,CBS,1,1,1
tyutife01,2009,1,CBS,6,2,0
tyutife01,2010,1,CBS,3,1,0
tyutife01,2011,1,CBS,0,1,0
umberrj01,2006,1,PHI,1,0,0
umberrj01,2009,1,CBS,2,0,0
umberrj01,2010,1,CBS,2,0,0
upshasc01,2006,2,PHI,1,0,0
upshasc01,2007,1,PHI,1,0,0
upshasc01,2009,1,PHO,1,0,0
upshasc01,2010,1,PHO,2,1,0
upshasc01,2010,2,CBS,2,0,0
vanekth01,2005,1,BUF,6,2,1
vanekth01,2006,1,BUF,11,2,1
vanekth01,2007,1,BUF,6,1,0
vanekth01,2008,1,BUF,6,1,1
vanekth01,2009,1,BUF,5,2,0
vanekth01,2010,1,BUF,6,5,1
vanekth01,2011,1,BUF,3,8,0
vanrija01,2011,1,PHI,1,2,0
vasicjo01,2006,1,NAS,1,0,0
vasicjo01,2007,1,NYI,1,0,0
veillst01,2009,1,TBL,1,0,0
vermean01,2005,1,OTT,1,0,0
vermean01,2006,1,OTT,8,3,1
vermean01,2007,1,OTT,8,2,0
vermean01,2008,1,OTT,4,0,0
vermean01,2008,2,CBS,1,0,0
vermean01,2009,1,CBS,4,0,0
vermean01,2010,1,CBS,5,2,1
vermean01,2011,1,CBS,0,1,0
verstkr01,2008,1,CHI,2,1,1
verstkr01,2009,1,CHI,5,2,1
verstkr01,2010,1,TOR,3,1,0
verstkr01,2010,2,PHI,2,0,0
verstkr01,2011,1,FLO,1,8,0
vescery01,2009,1,SJS,1,0,0
vincoto01,2011,1,DAL,1,2,1
visnolu01,2006,1,LAK,3,1,1
visnolu01,2009,1,EDM,1,1,1
visnolu01,2010,1,AND,1,0,0
vlasima01,2009,1,SJS,1,0,0
voracja01,2008,1,CBS,3,1,1
voracja01,2009,1,CBS,6,2,1
voracja01,2010,1,CBS,3,0,0
voracja01,2011,1,PHI,0,1,0
vorobpa01,2005,1,CHI,3,2,0
vrbatra01,2005,1,CAR,2,1,1
vrbatra01,2005,2,CHI,4,1,0
vrbatra01,2006,1,CHI,7,2,2
vrbatra01,2007,1,PHO,8,5,1
vrbatra01,2008,1,TBL,1,0,0
vrbatra01,2009,1,PHO,18,8,3
vrbatra01,2010,1,PHO,11,7,3
vrbatra01,2011,1,PHO,4,13,0
vyborda01,2005,1,CBS,7,1,1
vyborda01,2006,1,CBS,9,5,1
vyborda01,2007,1,CBS,3,0,0
walkesc01,2006,1,CAR,1,0,0
waltebe01,2005,1,BOS,1,0,0
walzwe01,2005,1,MIN,1,0,0
walzwe01,2006,1,MIN,1,0,0
wandeto01,2009,1,DAL,1,0,0
wardja01,2005,1,NYR,1,0,0
wardja01,2006,1,NYR,1,0,0
wardja01,2006,3,TBL,1,0,0
wardjo02,2009,1,NAS,1,0,0
webersh01,2009,1,NAS,1,0,0
weighdo01,2005,1,STL,5,1,0
weighdo01,2005,2,CAR,1,1,1
weighdo01,2006,1,STL,11,6,1
weighdo01,2007,1,STL,1,0,0
weighdo01,2007,2,AND,2,0,0
weighdo01,2008,1,NYI,1,0,0
weighdo01,2009,1,NYI,1,0,0
weissst01,2005,1,FLO,1,0,0
weissst01,2006,1,FLO,1,0,0
weissst01,2007,1,FLO,6,1,1
weissst01,2008,1,FLO,6,1,1
weissst01,2009,1,FLO,10,2,1
weissst01,2010,1,FLO,7,2,1
weissst01,2011,1,FLO,3,8,2
wellmca01,2009,1,MIN,1,0,0
wellwky01,2005,1,TOR,1,0,0
wellwky01,2006,1,TOR,4,1,1
wellwky01,2007,1,TOR,1,0,0
wellwky01,2008,1,VAN,9,3,0
wellwky01,2009,1,VAN,7,4,1
wellwky01,2010,1,SJS,2,0,0
wellwky01,2011,1,WPG,2,6,0
wheelbl01,2008,1,BOS,7,4,1
wheelbl01,2009,1,BOS,13,2,0
wheelbl01,2010,1,BOS,2,1,1
wheelbl01,2010,2,ATL,3,2,0
wheelbl01,2011,1,WPG,4,6,0
whiteto02,2005,1,MIN,2,1,0
whiteto02,2006,1,MIN,2,1,1
whiteto02,2007,1,ATL,1,0,0
whiteto02,2008,1,ATL,2,1,1
whiteto02,2009,1,ATL,1,0,0
whitnra01,2005,1,CAR,5,4,0
whitnra01,2006,1,CAR,5,0,0
whitnra01,2007,1,CAR,1,0,0
whitnra01,2008,1,CAR,2,0,0
whitnra01,2009,1,CAR,3,1,0
whitnra01,2010,1,PHO,5,1,1
whitnra01,2011,1,PHO,6,11,3
whitnry01,2005,1,PIT,2,1,0
whitnry01,2007,1,PIT,1,0,0
widemde01,2005,1,STL,6,2,1
widemde01,2006,1,STL,1,0,0
widemde01,2007,1,BOS,1,0,0
willija01,2005,1,DET,7,5,2
willija01,2006,1,DET,5,1,0
willija01,2006,2,CHI,4,2,0
willija01,2007,1,CHI,1,0,0
willija01,2008,2,CBS,7,2,1
willija01,2009,1,DET,9,3,0
willija01,2010,1,DAL,1,0,0
willija01,2011,1,PIT,0,1,0
willije01,2007,1,TOR,1,0,0
willije01,2008,1,TOR,1,1,0
williju01,2005,1,CAR,2,1,0
williju01,2006,1,CAR,4,0,0
williju01,2008,1,CAR,1,0,0
williju01,2008,2,LAK,1,1,1
williju01,2009,1,LAK,1,1,1
williju01,2010,1,LAK,4,1,1
williju01,2011,1,LAK,3,6,1
willsbr01,2005,1,WAS,9,3,1
willsbr01,2006,1,LAK,2,0,0
willsbr01,2007,1,LAK,1,0,0
wilsoco01,2009,1,NAS,1,0,0
wilsoco01,2011,1,NAS,1,3,1
wilsoky01,2010,1,CBS,5,2,2
winchbr01,2008,1,STL,1,1,1
winchbr01,2011,1,SJS,0,1,0
wingeto01,2011,1,SJS,0,1,0
wisnija01,2009,1,AND,3,2,2
wisnija01,2010,2,MTL,2,0,0
wisnija01,2011,1,CBS,1,2,0
wittbr01,2008,1,NYI,1,0,0
wolskwo01,2006,1,COL,6,3,0
wolskwo01,2007,1,COL,8,4,1
wolskwo01,2008,1,COL,12,10,2
wolskwo01,2009,1,COL,8,1,1
wolskwo01,2009,2,PHO,7,0,0
wolskwo01,2010,1,PHO,1,0,0
wolskwo01,2010,2,NYR,8,4,1
wolskwo01,2011,1,NYR,0,1,0
wolskwo01,2011,2,FLO,3,7,1
wrighty01,2005,1,CBS,1,0,0
yandlke01,2007,1,PHO,1,0,0
yandlke01,2009,1,PHO,1,0,0
yashial01,2005,1,NYI,7,2,0
yashial01,2006,1,NYI,3,0,0
yipbr01,2009,1,COL,1,0,0
yipbr01,2010,1,COL,1,1,1
yorkmi01,2005,1,NYI,2,0,0
yorkmi01,2006,1,NYI,3,1,1
yorkmi01,2007,1,PHO,1,1,0
youngsc01,2005,1,STL,1,0,0
yzermst01,2005,1,DET,2,1,0
zajactr01,2006,1,NJD,4,1,1
zajactr01,2007,1,NJD,1,0,0
zajactr01,2008,1,NJD,1,1,1
zajactr01,2009,1,NJD,5,1,0
zajactr01,2010,1,NJD,2,1,1
zajactr01,2011,1,NJD,1,1,1
zedniri01,2006,1,WAS,1,0,0
zedniri01,2007,1,FLO,1,0,0
zedniri01,2008,1,FLO,2,1,1
zettehe01,2005,1,DET,4,2,0
zettehe01,2006,1,DET,4,1,1
zettehe01,2007,1,DET,10,3,2
zettehe01,2008,1,DET,9,3,0
zettehe01,2009,1,DET,11,2,0
zettehe01,2010,1,DET,3,0,0
zettehe01,2011,1,DET,1,3,1
zherdni01,2005,1,CBS,3,1,0
zherdni01,2006,1,CBS,8,2,1
zherdni01,2007,1,CBS,8,5,1
zherdni01,2008,1,NYR,14,5,3
zherdni01,2010,1,PHI,2,1,0
zidlima01,2005,1,NAS,5,1,0
zidlima01,2006,1,NAS,1,0,0
zidlima01,2008,1,MIN,5,3,3
zidlima01,2009,1,MIN,7,2,0
zidlima01,2010,1,MIN,1,0,0
zidlima01,2011,1,MIN,0,1,0
zigommi01,2006,1,PHO,4,1,0
zubovse01,2005,1,DAL,12,7,4
zubovse01,2006,1,DAL,12,5,2
zubovse01,2007,1,DAL,5,1,1
zubovse01,2008,1,DAL,2,0,0
zubruda01,2005,1,WAS,2,1,0
zubruda01,2006,1,WAS,1,0,0
zubruda01,2007,1,NJD,1,0,0
zuccama01,2010,1,NYR,9,5,3
zuccama01,2011,1,NYR,0,1,0
